Order ID,Order Date,Ship Date,Ship Mode,Customer ID,Customer Name,Segment,Country,City,State,Postal Code,Region,Category,Sub-Category,Product Name,Sales,Quantity,Discount,Profit
CA-1000,2023-05-30 05:14:32.945891784,2024-10-18 20:29:20.320641280,First Class,CUST-1,Customer 1,Consumer,United States,Chicago,Florida,37386,East,Office Supplies,Bookcases,Product 1,1974.12,2,0.07,-141.01
CA-1001,2024-09-28 08:56:45.210420840,2023-07-04 07:53:15.991983968,Standard Class,CUST-2,Customer 2,Consumer,United States,New York City,California,85054,West,Office Supplies,Storage,Product 2,579.16,2,0.03,49.27
CA-1002,2024-05-24 02:21:24.168336672,2023-08-14 06:58:26.212424848,First Class,CUST-3,Customer 3,Consumer,United States,Chicago,Texas,26184,South,Office Supplies,Phones,Product 3,242.24,8,0.1,276.27
CA-1003,2024-01-30 23:45:34.268537072,2024-12-16 08:53:52.064128256,Second Class,CUST-4,Customer 4,Consumer,United States,Houston,California,43787,Central,Office Supplies,Bookcases,Product 4,1667.16,1,0.03,-8.12
CA-1004,2023-06-05 01:41:00.120240480,2024-07-17 05:26:05.531062120,Standard Class,CUST-5,Customer 5,Home Office,United States,Los Angeles,Texas,31621,South,Technology,Machines,Product 5,1428.02,7,0.04,379.37
CA-1005,2023-04-14 20:49:32.344689378,2024-11-22 23:08:03.366733464,First Class,CUST-6,Customer 6,Home Office,United States,New York City,Texas,85564,South,Office Supplies,Phones,Product 6,1253.58,5,0.17,317.91
CA-1006,2023-10-03 00:43:17.194388776,2024-02-02 21:58:47.855711420,Second Class,CUST-7,Customer 7,Corporate,United States,Houston,California,87984,East,Technology,Binders,Product 7,354.16,8,0.02,352.32
CA-1007,2023-01-30 06:12:15.871743487,2023-05-31 16:21:09.739478958,Standard Class,CUST-8,Customer 8,Corporate,United States,Houston,Illinois,69792,West,Technology,Storage,Product 8,983.07,1,0.01,-116.63
CA-1008,2023-05-30 05:14:32.945891784,2024-08-31 13:51:06.132264528,Standard Class,CUST-9,Customer 9,Corporate,United States,New York City,Texas,55253,Central,Technology,Binders,Product 9,1572.08,7,0.21,-101.62
CA-1009,2023-06-27 00:20:12.024048096,2024-07-27 11:12:23.086172344,First Class,CUST-10,Customer 10,Consumer,United States,Chicago,California,44051,East,Office Supplies,Bookcases,Product 10,642.07,5,0.11,0.53
CA-1010,2024-11-12 17:21:45.811623248,2024-03-11 22:50:44.488977952,First Class,CUST-11,Customer 11,Consumer,United States,Houston,Texas,59811,East,Furniture,Bookcases,Product 11,657.8,4,0.04,162.65
CA-1011,2023-11-10 01:35:13.827655308,2023-12-25 10:00:14.428857716,First Class,CUST-12,Customer 12,Home Office,United States,Miami,New York,40447,East,Furniture,Chairs,Product 12,56.12,7,0.08,323.61
CA-1012,2024-04-27 18:22:21.883767536,2023-09-14 00:17:18.877755512,Second Class,CUST-13,Customer 13,Consumer,United States,Houston,Illinois,93930,South,Office Supplies,Accessories,Product 13,389.77,2,0.19,385.57
CA-1013,2024-11-01 00:28:51.462925848,2023-02-25 14:11:18.156312625,First Class,CUST-14,Customer 14,Consumer,United States,Chicago,Florida,40254,West,Furniture,Tables,Product 14,1757.04,1,0.08,293.03
CA-1014,2023-05-08 06:35:21.042084168,2024-11-27 08:27:53.747494984,Standard Class,CUST-15,Customer 15,Consumer,United States,Chicago,Texas,94045,West,Furniture,Chairs,Product 15,911.41,1,0.15,450.02
CA-1015,2024-06-28 05:00:07.214428856,2023-09-05 05:37:38.116232464,Standard Class,CUST-16,Customer 16,Corporate,United States,Miami,New York,67418,Central,Technology,Chairs,Product 16,1969.26,1,0.04,317.12
CA-1016,2023-05-25 19:54:42.565130260,2023-12-26 21:06:51.222444888,First Class,CUST-17,Customer 17,Corporate,United States,Houston,Florida,24472,West,Technology,Paper,Product 17,821.63,5,0.18,14.39
CA-1017,2024-06-09 04:34:08.897795592,2023-02-06 13:45:19.839679358,First Class,CUST-18,Customer 18,Home Office,United States,Chicago,Florida,13471,West,Office Supplies,Chairs,Product 18,1444.61,7,0.09,-14.44
CA-1018,2023-08-09 21:38:35.831663324,2024-06-01 21:01:04.929859720,Standard Class,CUST-19,Customer 19,Consumer,United States,New York City,Texas,18329,East,Office Supplies,Storage,Product 19,599.74,2,0.19,287.33
CA-1019,2023-07-10 04:19:43.166332664,2024-03-22 04:37:02.044088176,Second Class,CUST-20,Customer 20,Consumer,United States,Los Angeles,California,44865,East,Furniture,Accessories,Product 20,759.43,8,0.24,-64.99
CA-1020,2023-08-06 23:25:22.244488976,2024-08-19 20:58:11.783567136,First Class,CUST-21,Customer 21,Home Office,United States,Los Angeles,Texas,56850,South,Technology,Chairs,Product 21,421.92,4,0.18,-135.1
CA-1021,2024-03-26 13:56:52.424849696,2024-08-18 09:51:34.989979960,First Class,CUST-22,Customer 22,Consumer,United States,Los Angeles,New York,64220,East,Office Supplies,Machines,Product 22,726.77,3,0.09,172.56
CA-1022,2024-01-11 23:19:35.951903808,2023-01-18 13:19:21.523046092,Standard Class,CUST-23,Customer 23,Consumer,United States,Houston,Florida,16397,East,Office Supplies,Storage,Product 23,1117.11,8,0.08,375.15
CA-1023,2024-05-16 18:48:20.200400800,2024-04-05 19:43:09.979959920,First Class,CUST-24,Customer 24,Corporate,United States,Miami,Texas,45525,East,Office Supplies,Storage,Product 24,1983.96,2,0.1,-129.03
CA-1024,2024-12-19 07:07:05.651302600,2024-07-24 12:59:09.498997992,Second Class,CUST-25,Customer 25,Home Office,United States,Chicago,California,63072,East,Office Supplies,Machines,Product 25,1345.19,3,0.05,354.32
CA-1025,2024-08-27 04:31:15.751503000,2024-04-01 10:23:19.599198392,Standard Class,CUST-26,Customer 26,Home Office,United States,New York City,Texas,93820,South,Office Supplies,Chairs,Product 26,438.53,3,0.05,368.1
CA-1026,2024-03-04 15:17:40.521042080,2023-02-21 04:51:27.775551102,First Class,CUST-27,Customer 27,Home Office,United States,New York City,Illinois,94530,East,Office Supplies,Bookcases,Product 27,137.67,1,0.24,137.59
CA-1027,2024-07-17 05:26:05.531062120,2023-09-09 14:57:28.496993988,Standard Class,CUST-28,Customer 28,Home Office,United States,Houston,California,33284,Central,Furniture,Paper,Product 28,296.4,6,0.12,-159.88
CA-1028,2023-10-07 10:03:07.575150300,2023-01-28 19:05:39.078156312,First Class,CUST-29,Customer 29,Corporate,United States,Los Angeles,New York,71330,Central,Technology,Paper,Product 29,1146.98,2,0.13,-77.79
CA-1029,2024-10-10 01:49:39.559118232,2024-04-13 03:16:13.947895792,First Class,CUST-30,Customer 30,Corporate,United States,Houston,Florida,93369,Central,Technology,Chairs,Product 30,1542.06,1,0.18,295.2
CA-1030,2024-02-08 18:25:15.030060120,2024-01-20 17:59:16.713426852,First Class,CUST-31,Customer 31,Consumer,United States,Miami,Texas,35122,Central,Office Supplies,Machines,Product 31,1883.82,2,0.18,298.24
CA-1031,2023-08-23 01:38:06.973947896,2024-12-22 05:20:19.238476952,Second Class,CUST-32,Customer 32,Consumer,United States,Miami,California,80553,East,Technology,Binders,Product 32,80.86,6,0.02,428.85
CA-1032,2024-11-02 11:35:28.256513024,2024-08-06 16:58:40.641282560,Second Class,CUST-33,Customer 33,Consumer,United States,Chicago,Illinois,91906,Central,Technology,Storage,Product 33,1069.38,4,0.25,207.88
CA-1033,2024-04-02 21:29:56.392785568,2023-07-26 06:32:27.895791582,Standard Class,CUST-34,Customer 34,Consumer,United States,Chicago,California,72812,East,Technology,Accessories,Product 34,968.19,6,0.05,-113.12
CA-1034,2023-01-31 17:18:52.665330661,2024-11-02 11:35:28.256513024,First Class,CUST-35,Customer 35,Corporate,United States,Miami,Illinois,17999,South,Office Supplies,Accessories,Product 35,1329.31,9,0.22,-115.01
CA-1035,2024-01-04 15:46:31.983967936,2024-06-25 06:46:53.627254504,First Class,CUST-36,Customer 36,Home Office,United States,Miami,New York,32436,Central,Office Supplies,Tables,Product 36,1141.18,8,0.23,304.79
CA-1036,2023-12-10 18:54:06.492985972,2024-11-18 13:48:12.985971944,Second Class,CUST-37,Customer 37,Corporate,United States,Miami,Florida,52963,West,Technology,Chairs,Product 37,1389.73,1,0.21,-71.35
CA-1037,2024-05-18 05:54:56.993987976,2023-07-27 17:39:04.689378756,First Class,CUST-38,Customer 38,Consumer,United States,Houston,New York,12096,Central,Technology,Machines,Product 38,1333.26,8,0.17,29.87
CA-1038,2023-03-12 05:17:26.092184368,2023-05-14 03:01:48.216432866,Second Class,CUST-39,Customer 39,Corporate,United States,Miami,Texas,35279,Central,Office Supplies,Accessories,Product 39,278.17,9,0.0,141.05
CA-1039,2024-11-24 10:14:40.160320640,2024-05-31 09:54:28.136272544,First Class,CUST-40,Customer 40,Home Office,United States,New York City,California,36201,East,Furniture,Storage,Product 40,1609.45,6,0.11,-182.66
CA-1040,2023-03-26 20:23:34.028056112,2024-04-14 14:22:50.741482968,Standard Class,CUST-41,Customer 41,Home Office,United States,Los Angeles,Illinois,29715,Central,Technology,Storage,Product 41,290.3,5,0.18,-25.83
CA-1041,2023-09-05 05:37:38.116232464,2024-02-24 20:37:59.759519040,First Class,CUST-42,Customer 42,Corporate,United States,Miami,Illinois,39309,West,Furniture,Binders,Product 42,1412.13,6,0.12,85.52
CA-1042,2024-11-25 21:21:16.953907816,2023-11-10 01:35:13.827655308,First Class,CUST-43,Customer 43,Corporate,United States,Los Angeles,California,25078,East,Technology,Bookcases,Product 43,861.48,6,0.26,-4.25
CA-1043,2023-10-01 13:36:40.400801604,2024-10-14 11:09:29.939879760,Second Class,CUST-44,Customer 44,Corporate,United States,Houston,California,66614,East,Furniture,Paper,Product 44,1052.01,9,0.09,-104.54
CA-1044,2024-11-08 08:01:55.430861720,2024-05-13 20:35:06.613226448,First Class,CUST-45,Customer 45,Consumer,United States,Los Angeles,Texas,15105,South,Furniture,Chairs,Product 45,1811.43,4,0.09,309.61
CA-1045,2024-01-30 23:45:34.268537072,2023-03-15 03:30:39.679358717,First Class,CUST-46,Customer 46,Corporate,United States,Houston,New York,12839,South,Furniture,Phones,Product 46,1785.27,2,0.08,369.2
CA-1046,2023-10-04 11:49:53.987975952,2023-08-11 08:45:12.625250500,Second Class,CUST-47,Customer 47,Corporate,United States,New York City,Illinois,78920,Central,Office Supplies,Phones,Product 47,1644.82,9,0.1,-19.76
CA-1047,2024-10-13 00:02:53.146292584,2023-09-28 15:23:26.813627252,Standard Class,CUST-48,Customer 48,Corporate,United States,Houston,Texas,53619,South,Furniture,Tables,Product 48,1044.79,2,0.17,342.09
CA-1048,2023-09-12 13:10:42.084168336,2023-04-01 16:50:01.202404809,Standard Class,CUST-49,Customer 49,Home Office,United States,Houston,New York,52821,South,Furniture,Chairs,Product 49,1485.67,9,0.21,69.89
CA-1049,2024-10-13 00:02:53.146292584,2023-10-04 11:49:53.987975952,Second Class,CUST-50,Customer 50,Home Office,United States,Chicago,Texas,23493,South,Furniture,Phones,Product 50,1050.15,2,0.2,154.68
CA-1050,2023-03-15 03:30:39.679358717,2023-07-01 09:40:02.404809618,Second Class,CUST-51,Customer 51,Consumer,United States,Miami,Illinois,27069,East,Technology,Phones,Product 51,1745.73,8,0.24,399.2
CA-1051,2024-06-15 01:00:36.072144288,2023-08-06 23:25:22.244488976,Second Class,CUST-52,Customer 52,Consumer,United States,Miami,California,17531,East,Furniture,Bookcases,Product 52,835.41,9,0.27,324.97
CA-1052,2023-03-20 23:57:06.853707415,2024-04-02 21:29:56.392785568,Second Class,CUST-53,Customer 53,Home Office,United States,New York City,California,47051,East,Technology,Storage,Product 53,1941.96,9,0.24,363.58
CA-1053,2023-12-22 11:47:00.841683364,2023-03-25 09:16:57.234468938,Second Class,CUST-54,Customer 54,Home Office,United States,New York City,New York,17736,South,Furniture,Machines,Product 54,1868.03,9,0.01,-104.21
CA-1054,2024-04-11 16:09:37.154308616,2024-05-13 20:35:06.613226448,Standard Class,CUST-55,Customer 55,Home Office,United States,Miami,Florida,17710,East,Furniture,Binders,Product 55,1496.13,2,0.22,-151.2
CA-1055,2023-07-10 04:19:43.166332664,2024-03-20 17:30:25.250501000,Standard Class,CUST-56,Customer 56,Corporate,United States,Chicago,New York,77155,South,Office Supplies,Machines,Product 56,594.86,4,0.06,425.38
CA-1056,2024-12-09 01:20:48.096192384,2023-09-19 20:43:46.052104208,Second Class,CUST-57,Customer 57,Corporate,United States,Miami,Florida,23975,East,Technology,Storage,Product 57,306.72,7,0.04,71.48
CA-1057,2024-03-23 15:43:38.837675352,2023-09-05 05:37:38.116232464,First Class,CUST-58,Customer 58,Home Office,United States,Chicago,Texas,72424,East,Furniture,Tables,Product 58,1716.67,2,0.19,1.52
CA-1058,2023-07-16 00:46:10.340681362,2024-04-20 10:49:17.915831664,Second Class,CUST-59,Customer 59,Corporate,United States,New York City,Texas,55603,West,Technology,Chairs,Product 59,372.34,1,0.1,307.29
CA-1059,2023-01-30 06:12:15.871743487,2024-01-30 23:45:34.268537072,First Class,CUST-60,Customer 60,Corporate,United States,Los Angeles,Illinois,33252,Central,Technology,Storage,Product 60,1715.81,3,0.02,385.49
CA-1060,2024-04-24 20:09:08.296593184,2023-03-19 12:50:30.060120240,Second Class,CUST-61,Customer 61,Consumer,United States,New York City,Florida,90797,South,Office Supplies,Chairs,Product 61,1006.99,4,0.04,403.74
CA-1061,2023-08-31 20:17:47.735470940,2024-12-17 20:00:28.857715432,Second Class,CUST-62,Customer 62,Home Office,United States,New York City,Illinois,11431,West,Office Supplies,Chairs,Product 62,842.79,8,0.0,21.2
CA-1062,2024-02-04 09:05:24.649298596,2024-10-10 01:49:39.559118232,Standard Class,CUST-63,Customer 63,Home Office,United States,Houston,California,84603,East,Office Supplies,Paper,Product 63,1811.22,6,0.27,396.55
CA-1063,2024-07-20 03:39:19.118236472,2023-05-27 07:01:19.358717434,First Class,CUST-64,Customer 64,Corporate,United States,Houston,Florida,47481,South,Office Supplies,Bookcases,Product 64,1227.51,2,0.01,-171.35
CA-1064,2023-05-09 17:41:57.835671342,2024-12-03 04:54:20.921843688,First Class,CUST-65,Customer 65,Home Office,United States,Houston,New York,19557,East,Office Supplies,Bookcases,Product 65,1174.4,9,0.06,-165.24
CA-1065,2024-04-05 19:43:09.979959920,2024-01-20 17:59:16.713426852,Standard Class,CUST-66,Customer 66,Consumer,United States,Houston,California,84971,Central,Office Supplies,Bookcases,Product 66,1139.59,2,0.12,236.46
CA-1066,2023-01-20 00:25:58.316633266,2023-03-18 01:43:53.266533066,Standard Class,CUST-67,Customer 67,Consumer,United States,Chicago,California,10162,West,Office Supplies,Bookcases,Product 67,773.78,5,0.11,-155.83
CA-1067,2023-12-19 13:33:47.254509016,2023-03-28 07:30:10.821643286,Standard Class,CUST-68,Customer 68,Consumer,United States,Miami,New York,44742,Central,Office Supplies,Chairs,Product 68,1582.0,4,0.27,27.23
CA-1068,2024-01-22 05:05:53.507014028,2024-12-19 07:07:05.651302600,Standard Class,CUST-69,Customer 69,Home Office,United States,Los Angeles,California,29675,West,Furniture,Accessories,Product 69,542.96,7,0.01,270.93
CA-1069,2024-05-19 17:01:33.787575152,2023-06-06 12:47:36.913827654,First Class,CUST-70,Customer 70,Home Office,United States,New York City,Florida,83997,East,Technology,Accessories,Product 70,1880.85,8,0.15,36.09
CA-1070,2023-03-18 01:43:53.266533066,2023-01-06 20:26:27.174348697,First Class,CUST-71,Customer 71,Home Office,United States,Chicago,Illinois,27015,Central,Office Supplies,Bookcases,Product 71,1793.27,5,0.2,-74.28
CA-1071,2024-07-17 05:26:05.531062120,2023-05-30 05:14:32.945891784,Second Class,CUST-72,Customer 72,Home Office,United States,Los Angeles,California,60057,Central,Office Supplies,Machines,Product 72,708.09,5,0.28,-3.05
CA-1072,2024-05-10 22:21:53.026052104,2023-10-13 06:29:34.749498996,Second Class,CUST-73,Customer 73,Home Office,United States,Chicago,Florida,42591,East,Technology,Paper,Product 73,1472.45,2,0.19,120.3
CA-1073,2023-05-14 03:01:48.216432866,2024-01-17 19:46:03.126252504,Standard Class,CUST-74,Customer 74,Consumer,United States,Chicago,Texas,19833,Central,Furniture,Tables,Product 74,1167.79,8,0.24,132.77
CA-1074,2024-06-19 10:20:26.452905808,2024-06-16 12:07:12.865731464,Standard Class,CUST-75,Customer 75,Corporate,United States,New York City,Florida,17896,South,Technology,Binders,Product 75,708.42,2,0.03,348.1
CA-1075,2024-10-10 01:49:39.559118232,2024-12-01 17:47:44.128256512,Standard Class,CUST-76,Customer 76,Consumer,United States,Miami,Illinois,42972,West,Technology,Machines,Product 76,1977.62,6,0.12,325.11
CA-1076,2024-10-26 04:02:24.288577152,2024-06-26 17:53:30.420841680,Second Class,CUST-77,Customer 77,Home Office,United States,Houston,Florida,59733,West,Office Supplies,Bookcases,Product 77,99.21,8,0.11,119.77
CA-1077,2024-09-16 16:03:50.861723448,2024-05-25 13:28:00.961923848,Second Class,CUST-78,Customer 78,Consumer,United States,Miami,New York,51800,West,Technology,Binders,Product 78,542.66,6,0.27,391.97
CA-1078,2024-01-20 17:59:16.713426852,2023-03-09 07:04:12.505010020,Second Class,CUST-79,Customer 79,Home Office,United States,New York City,Illinois,15347,South,Technology,Chairs,Product 79,1064.14,4,0.05,-120.03
CA-1079,2024-09-21 01:23:41.242484968,2024-06-01 21:01:04.929859720,Second Class,CUST-80,Customer 80,Home Office,United States,New York City,Texas,69063,West,Office Supplies,Phones,Product 80,1067.81,4,0.05,-21.25
CA-1080,2023-02-19 17:44:50.981963927,2024-03-29 12:10:06.012024048,Second Class,CUST-81,Customer 81,Consumer,United States,New York City,New York,12643,East,Office Supplies,Chairs,Product 81,1198.42,6,0.1,379.58
CA-1081,2023-10-27 21:35:42.685370740,2024-09-10 19:37:23.687374744,Second Class,CUST-82,Customer 82,Home Office,United States,Los Angeles,Florida,50785,Central,Office Supplies,Accessories,Product 82,1515.77,4,0.02,64.6
CA-1082,2023-04-28 00:49:03.486973948,2024-03-25 02:50:15.631262520,Second Class,CUST-83,Customer 83,Corporate,United States,Miami,Illinois,28681,South,Office Supplies,Tables,Product 83,1265.78,8,0.05,486.83
CA-1083,2024-09-04 23:10:56.513026048,2023-07-29 04:45:41.482965932,Standard Class,CUST-84,Customer 84,Home Office,United States,Miami,Texas,60026,West,Technology,Machines,Product 84,1220.55,9,0.29,126.38
CA-1084,2023-03-13 16:24:02.885771543,2024-01-28 01:32:20.681362724,Standard Class,CUST-85,Customer 85,Corporate,United States,Chicago,New York,25892,East,Technology,Machines,Product 85,154.35,1,0.13,354.35
CA-1085,2024-06-09 04:34:08.897795592,2024-06-23 19:40:16.833667336,Standard Class,CUST-86,Customer 86,Corporate,United States,Chicago,Texas,57299,Central,Furniture,Binders,Product 86,784.23,4,0.19,81.61
CA-1086,2024-07-20 03:39:19.118236472,2023-06-29 22:33:25.611222444,Standard Class,CUST-87,Customer 87,Home Office,United States,Chicago,Florida,27073,Central,Furniture,Machines,Product 87,502.51,4,0.22,97.47
CA-1087,2023-01-02 11:06:36.793587174,2023-06-03 14:34:23.326653306,Second Class,CUST-88,Customer 88,Consumer,United States,New York City,Texas,40682,South,Technology,Paper,Product 88,567.47,2,0.11,68.02
CA-1088,2024-07-23 01:52:32.705410816,2023-08-18 16:18:16.593186372,First Class,CUST-89,Customer 89,Corporate,United States,Miami,California,24289,South,Furniture,Phones,Product 89,1130.96,6,0.04,303.35
CA-1089,2023-03-19 12:50:30.060120240,2023-08-02 14:05:31.863727456,Second Class,CUST-90,Customer 90,Consumer,United States,New York City,New York,17927,South,Technology,Bookcases,Product 90,439.04,3,0.06,183.26
CA-1090,2023-06-03 14:34:23.326653306,2023-07-30 15:52:18.276553104,First Class,CUST-91,Customer 91,Corporate,United States,Los Angeles,Texas,58330,East,Furniture,Storage,Product 91,623.2,7,0.09,460.64
CA-1091,2024-01-14 21:32:49.539078156,2023-06-24 02:06:58.436873746,Standard Class,CUST-92,Customer 92,Home Office,United States,Chicago,Florida,76707,East,Office Supplies,Accessories,Product 92,512.32,5,0.19,-24.38
CA-1092,2024-03-28 01:03:29.218436872,2024-04-10 05:03:00.360721440,Second Class,CUST-93,Customer 93,Home Office,United States,New York City,Florida,87454,South,Furniture,Machines,Product 93,1899.58,4,0.12,-129.61
CA-1093,2024-11-27 08:27:53.747494984,2024-02-05 20:12:01.442885772,Standard Class,CUST-94,Customer 94,Corporate,United States,New York City,Texas,75428,West,Office Supplies,Accessories,Product 94,1892.1,5,0.0,75.28
CA-1094,2023-10-05 22:56:30.781563124,2023-05-14 03:01:48.216432866,Second Class,CUST-95,Customer 95,Home Office,United States,Los Angeles,Florida,60601,Central,Office Supplies,Chairs,Product 95,1239.39,8,0.16,231.7
CA-1095,2024-08-09 15:11:54.228456912,2023-03-25 09:16:57.234468938,Standard Class,CUST-96,Customer 96,Corporate,United States,Houston,Illinois,87465,Central,Office Supplies,Binders,Product 96,1852.82,3,0.28,402.56
CA-1096,2023-11-14 10:55:04.208416832,2024-10-02 18:16:35.591182360,First Class,CUST-97,Customer 97,Home Office,United States,Miami,Illinois,12539,East,Office Supplies,Phones,Product 97,1582.33,7,0.24,42.34
CA-1097,2023-03-04 21:44:22.124248497,2024-05-19 17:01:33.787575152,First Class,CUST-98,Customer 98,Consumer,United States,Houston,Illinois,32669,Central,Furniture,Phones,Product 98,1200.4,6,0.25,257.65
CA-1098,2023-08-24 12:44:43.767535068,2023-11-30 13:07:48.937875752,First Class,CUST-99,Customer 99,Home Office,United States,Chicago,California,80968,West,Technology,Binders,Product 99,62.55,1,0.24,45.14
CA-1099,2023-10-22 01:09:15.511022044,2024-11-22 23:08:03.366733464,Second Class,CUST-100,Customer 100,Consumer,United States,New York City,Texas,30644,Central,Office Supplies,Chairs,Product 100,1556.41,7,0.1,232.05
CA-1100,2024-10-13 00:02:53.146292584,2023-06-19 16:47:08.056112224,First Class,CUST-101,Customer 101,Home Office,United States,Los Angeles,California,28745,East,Furniture,Binders,Product 101,1419.85,7,0.23,419.37
CA-1101,2024-12-07 14:14:11.302605208,2024-04-08 17:56:23.567134264,Second Class,CUST-102,Customer 102,Consumer,United States,Los Angeles,Florida,38228,East,Office Supplies,Storage,Product 102,1249.74,1,0.04,-38.05
CA-1102,2024-01-29 12:38:57.474949900,2024-02-11 16:38:28.617234468,First Class,CUST-103,Customer 103,Home Office,United States,Miami,California,44521,West,Furniture,Tables,Product 103,1532.83,9,0.2,82.97
CA-1103,2024-05-27 00:34:37.755511024,2023-07-04 07:53:15.991983968,First Class,CUST-104,Customer 104,Consumer,United States,Houston,Florida,36928,West,Furniture,Binders,Product 104,1050.2,6,0.19,495.29
CA-1104,2024-03-19 06:23:48.456913824,2024-07-27 11:12:23.086172344,Second Class,CUST-105,Customer 105,Corporate,United States,Miami,Florida,28322,Central,Furniture,Accessories,Product 105,1422.96,2,0.01,407.99
CA-1105,2024-01-30 23:45:34.268537072,2024-07-31 20:32:13.466933864,Second Class,CUST-106,Customer 106,Corporate,United States,New York City,New York,67714,Central,Technology,Bookcases,Product 106,1873.59,5,0.24,195.25
CA-1106,2024-10-27 15:09:01.082164328,2023-07-07 06:06:29.579158316,First Class,CUST-107,Customer 107,Consumer,United States,Miami,Illinois,97896,East,Furniture,Paper,Product 107,782.82,4,0.27,161.64
CA-1107,2024-11-05 09:48:41.843687376,2023-03-25 09:16:57.234468938,Second Class,CUST-108,Customer 108,Home Office,United States,Los Angeles,Florida,72292,West,Furniture,Machines,Product 108,1430.84,7,0.08,-0.78
CA-1108,2023-11-10 01:35:13.827655308,2023-06-27 00:20:12.024048096,First Class,CUST-109,Customer 109,Consumer,United States,Los Angeles,New York,39055,West,Technology,Chairs,Product 109,977.59,8,0.24,162.05
CA-1109,2024-01-03 04:39:55.190380760,2023-01-01 00:00:00.000000000,Second Class,CUST-110,Customer 110,Home Office,United States,Chicago,Illinois,52891,West,Technology,Storage,Product 110,1365.08,1,0.02,393.73
CA-1110,2023-10-04 11:49:53.987975952,2023-12-15 04:13:56.873747492,Standard Class,CUST-111,Customer 111,Corporate,United States,Chicago,Florida,91912,Central,Furniture,Machines,Product 111,1537.64,5,0.18,279.62
CA-1111,2024-03-07 13:30:54.108216432,2024-02-27 18:51:13.346693384,Standard Class,CUST-112,Customer 112,Home Office,United States,New York City,Florida,16588,West,Technology,Storage,Product 112,138.63,3,0.15,3.03
CA-1112,2023-11-07 03:22:00.240480960,2023-05-19 23:28:15.390781562,Standard Class,CUST-113,Customer 113,Corporate,United States,Houston,California,16304,East,Office Supplies,Accessories,Product 113,1310.87,1,0.16,-58.98
CA-1113,2023-10-30 19:48:56.272545088,2023-07-02 20:46:39.198396792,Standard Class,CUST-114,Customer 114,Home Office,United States,Miami,California,17345,East,Office Supplies,Chairs,Product 114,492.15,3,0.28,-14.35
CA-1114,2023-12-12 06:00:43.286573144,2023-06-21 03:53:44.849699398,Standard Class,CUST-115,Customer 115,Home Office,United States,New York City,Illinois,39300,Central,Technology,Storage,Product 115,1356.56,6,0.26,-81.17
CA-1115,2024-05-08 00:08:39.438877752,2023-03-10 18:10:49.298597194,First Class,CUST-116,Customer 116,Home Office,United States,Chicago,Florida,34259,South,Technology,Binders,Product 116,963.24,7,0.24,-133.05
CA-1116,2024-06-19 10:20:26.452905808,2023-05-09 17:41:57.835671342,Standard Class,CUST-117,Customer 117,Consumer,United States,Miami,Texas,98553,Central,Furniture,Tables,Product 117,1558.43,8,0.08,93.4
CA-1117,2023-03-18 01:43:53.266533066,2024-12-13 10:40:38.476953904,Standard Class,CUST-118,Customer 118,Consumer,United States,Chicago,California,25352,South,Technology,Binders,Product 118,290.63,4,0.27,-120.69
CA-1118,2024-02-13 03:45:05.410821640,2023-12-12 06:00:43.286573144,Standard Class,CUST-119,Customer 119,Corporate,United States,Miami,Illinois,43365,West,Furniture,Binders,Product 119,1271.33,3,0.03,-79.66
CA-1119,2024-08-21 08:04:48.577154304,2024-06-28 05:00:07.214428856,Standard Class,CUST-120,Customer 120,Corporate,United States,Houston,Florida,29446,Central,Office Supplies,Paper,Product 120,593.02,5,0.26,183.13
CA-1120,2023-11-12 23:48:27.414829660,2024-07-15 18:19:28.737474944,Second Class,CUST-121,Customer 121,Consumer,United States,New York City,Florida,12336,East,Technology,Binders,Product 121,1713.31,9,0.1,-84.78
CA-1121,2024-01-03 04:39:55.190380760,2024-02-01 10:52:11.062124248,First Class,CUST-122,Customer 122,Corporate,United States,Miami,Texas,72032,West,Furniture,Binders,Product 122,1860.35,6,0.02,-155.28
CA-1122,2023-10-01 13:36:40.400801604,2023-10-03 00:43:17.194388776,Standard Class,CUST-123,Customer 123,Consumer,United States,Los Angeles,Illinois,85415,East,Furniture,Tables,Product 123,1992.98,9,0.2,22.17
CA-1123,2024-07-08 10:46:24.769539080,2024-12-11 23:34:01.683366728,Standard Class,CUST-124,Customer 124,Home Office,United States,Los Angeles,Florida,17521,West,Office Supplies,Binders,Product 124,1602.21,6,0.07,-45.78
CA-1124,2024-12-20 18:13:42.444889776,2023-10-07 10:03:07.575150300,Standard Class,CUST-125,Customer 125,Corporate,United States,Miami,California,81707,Central,Technology,Bookcases,Product 125,1519.78,2,0.07,160.71
CA-1125,2023-02-28 12:24:31.743486974,2024-10-14 11:09:29.939879760,First Class,CUST-126,Customer 126,Corporate,United States,Miami,Texas,33481,South,Office Supplies,Bookcases,Product 126,470.23,5,0.09,-128.34
CA-1126,2023-08-17 05:11:39.799599196,2023-04-10 11:29:41.963927855,Second Class,CUST-127,Customer 127,Consumer,United States,Miami,Illinois,28474,West,Furniture,Machines,Product 127,705.21,9,0.02,326.24
CA-1127,2023-01-21 11:32:35.110220440,2024-02-10 05:31:51.823647292,First Class,CUST-128,Customer 128,Corporate,United States,Los Angeles,Texas,56760,South,Furniture,Paper,Product 128,958.08,8,0.05,434.36
CA-1128,2024-03-14 21:03:58.076152304,2024-05-24 02:21:24.168336672,Second Class,CUST-129,Customer 129,Corporate,United States,Los Angeles,California,65718,West,Technology,Bookcases,Product 129,1558.09,7,0.0,320.4
CA-1129,2023-04-04 15:03:14.789579158,2023-12-26 21:06:51.222444888,Standard Class,CUST-130,Customer 130,Home Office,United States,Miami,Illinois,54629,East,Furniture,Paper,Product 130,1834.18,1,0.13,172.98
CA-1130,2024-05-18 05:54:56.993987976,2024-10-20 07:35:57.114228456,Standard Class,CUST-131,Customer 131,Corporate,United States,Chicago,Texas,55232,East,Technology,Paper,Product 131,418.82,4,0.03,402.47
CA-1131,2024-04-21 21:55:54.709418840,2023-04-20 17:15:59.519038076,First Class,CUST-132,Customer 132,Home Office,United States,Chicago,New York,96544,West,Office Supplies,Storage,Product 132,1848.62,7,0.2,286.44
CA-1132,2023-01-12 16:52:54.348697394,2023-08-12 19:51:49.418837676,First Class,CUST-133,Customer 133,Consumer,United States,Houston,California,77169,South,Technology,Machines,Product 133,1406.47,7,0.07,-192.61
CA-1133,2024-05-16 18:48:20.200400800,2023-07-29 04:45:41.482965932,Second Class,CUST-134,Customer 134,Corporate,United States,New York City,California,60669,Central,Technology,Phones,Product 134,1241.0,6,0.28,75.86
CA-1134,2023-07-07 06:06:29.579158316,2024-09-26 21:50:08.416833664,Second Class,CUST-135,Customer 135,Home Office,United States,Chicago,California,88021,Central,Furniture,Accessories,Product 135,439.69,8,0.26,395.67
CA-1135,2024-12-19 07:07:05.651302600,2024-12-09 01:20:48.096192384,First Class,CUST-136,Customer 136,Consumer,United States,Los Angeles,New York,79184,East,Furniture,Phones,Product 136,158.27,6,0.09,42.1
CA-1136,2023-07-17 11:52:47.134268536,2023-05-05 08:22:07.454909820,Second Class,CUST-137,Customer 137,Corporate,United States,Chicago,New York,57945,Central,Technology,Storage,Product 137,1158.51,3,0.23,-175.35
CA-1137,2024-11-20 00:54:49.779559112,2023-09-27 04:16:50.020040080,First Class,CUST-138,Customer 138,Consumer,United States,Houston,Florida,23140,East,Furniture,Machines,Product 138,1320.46,4,0.24,322.33
CA-1138,2023-04-01 16:50:01.202404809,2024-02-20 11:18:09.378757512,Second Class,CUST-139,Customer 139,Corporate,United States,Houston,Texas,93457,Central,Furniture,Paper,Product 139,461.02,3,0.3,361.43
CA-1139,2023-07-21 21:12:37.515030060,2024-11-05 09:48:41.843687376,First Class,CUST-140,Customer 140,Consumer,United States,New York City,Florida,24357,West,Furniture,Tables,Product 140,1135.09,1,0.18,-87.58
CA-1140,2024-12-29 12:53:23.206412824,2023-11-17 09:08:17.795591180,First Class,CUST-141,Customer 141,Consumer,United States,Chicago,Texas,78673,East,Technology,Storage,Product 141,1720.16,5,0.02,176.14
CA-1141,2023-04-28 00:49:03.486973948,2023-04-10 11:29:41.963927855,First Class,CUST-142,Customer 142,Home Office,United States,Los Angeles,New York,75633,East,Furniture,Storage,Product 142,1678.38,1,0.19,-65.63
CA-1142,2024-07-26 00:05:46.292585168,2023-03-09 07:04:12.505010020,Second Class,CUST-143,Customer 143,Consumer,United States,Los Angeles,New York,86943,West,Technology,Accessories,Product 143,1858.34,1,0.19,303.46
CA-1143,2023-08-25 23:51:20.561122244,2024-12-26 14:40:09.619238472,Second Class,CUST-144,Customer 144,Corporate,United States,Miami,Florida,88258,East,Furniture,Chairs,Product 144,763.48,2,0.19,-9.91
CA-1144,2024-09-03 12:04:19.719438872,2023-05-17 01:15:01.803607214,Second Class,CUST-145,Customer 145,Corporate,United States,Los Angeles,Illinois,22924,Central,Office Supplies,Binders,Product 145,670.2,4,0.09,21.35
CA-1145,2024-02-26 07:44:36.553106208,2023-12-13 17:07:20.080160320,First Class,CUST-146,Customer 146,Home Office,United States,New York City,Florida,79286,Central,Furniture,Machines,Product 146,1511.38,6,0.26,391.48
CA-1146,2024-07-06 23:39:47.975951904,2024-10-13 00:02:53.146292584,Second Class,CUST-147,Customer 147,Corporate,United States,New York City,Texas,84071,East,Furniture,Binders,Product 147,890.67,8,0.29,133.43
CA-1147,2024-01-16 08:39:26.332665328,2024-12-31 00:00:00.000000000,Second Class,CUST-148,Customer 148,Corporate,United States,Los Angeles,Florida,67326,Central,Technology,Bookcases,Product 148,220.72,3,0.07,268.83
CA-1148,2024-12-16 08:53:52.064128256,2024-10-23 05:49:10.701402800,First Class,CUST-149,Customer 149,Corporate,United States,Los Angeles,California,40651,South,Technology,Binders,Product 149,601.46,1,0.03,81.66
CA-1149,2023-12-03 11:21:02.525050100,2023-10-24 23:22:29.098196392,Standard Class,CUST-150,Customer 150,Consumer,United States,Miami,Texas,80202,East,Furniture,Binders,Product 150,866.24,3,0.06,8.6
CA-1150,2023-02-28 12:24:31.743486974,2024-08-06 16:58:40.641282560,First Class,CUST-151,Customer 151,Consumer,United States,Los Angeles,Texas,58777,West,Office Supplies,Machines,Product 151,620.41,3,0.25,237.83
CA-1151,2023-02-09 11:58:33.426853707,2023-11-14 10:55:04.208416832,Second Class,CUST-152,Customer 152,Corporate,United States,Miami,Illinois,26994,South,Furniture,Storage,Product 152,697.8,5,0.2,-91.6
CA-1152,2023-07-16 00:46:10.340681362,2024-11-22 23:08:03.366733464,First Class,CUST-153,Customer 153,Home Office,United States,Miami,New York,77263,East,Furniture,Bookcases,Product 153,622.86,4,0.19,61.1
CA-1153,2023-10-20 14:02:38.717434868,2024-09-22 12:30:18.036072144,Standard Class,CUST-154,Customer 154,Consumer,United States,Los Angeles,Texas,69634,West,Office Supplies,Paper,Product 154,130.92,4,0.12,-53.67
CA-1154,2024-04-23 09:02:31.503006008,2024-05-12 09:28:29.819639280,First Class,CUST-155,Customer 155,Home Office,United States,Houston,New York,20800,Central,Technology,Binders,Product 155,1292.33,9,0.17,287.06
CA-1155,2024-01-26 14:25:43.887775548,2023-02-25 14:11:18.156312625,Second Class,CUST-156,Customer 156,Corporate,United States,Houston,Florida,47823,West,Furniture,Chairs,Product 156,1214.72,7,0.09,460.95
CA-1156,2024-09-02 00:57:42.925851704,2023-05-25 19:54:42.565130260,Standard Class,CUST-157,Customer 157,Corporate,United States,Miami,California,73878,South,Technology,Chairs,Product 157,1324.1,4,0.14,496.86
CA-1157,2023-02-16 19:31:37.394789579,2024-02-26 07:44:36.553106208,Second Class,CUST-158,Customer 158,Consumer,United States,Los Angeles,Illinois,28708,Central,Technology,Phones,Product 158,425.0,3,0.24,115.19
CA-1158,2023-03-10 18:10:49.298597194,2024-01-06 02:53:08.777555108,Standard Class,CUST-159,Customer 159,Corporate,United States,Houston,New York,22819,East,Office Supplies,Bookcases,Product 159,626.53,6,0.29,-23.23
CA-1159,2024-08-16 22:44:58.196392784,2023-11-20 07:21:31.382765528,Standard Class,CUST-160,Customer 160,Consumer,United States,Los Angeles,Texas,84905,Central,Office Supplies,Tables,Product 160,1258.25,3,0.28,109.98
CA-1160,2023-03-31 05:43:24.408817635,2024-06-04 19:14:18.517034064,First Class,CUST-161,Customer 161,Corporate,United States,Los Angeles,New York,73870,East,Technology,Chairs,Product 161,1219.27,6,0.28,393.09
CA-1161,2023-11-11 12:41:50.621242484,2023-02-02 04:25:29.458917835,First Class,CUST-162,Customer 162,Corporate,United States,Los Angeles,Texas,19283,East,Furniture,Paper,Product 162,1037.34,9,0.12,-55.8
CA-1162,2024-03-03 04:11:03.727454912,2023-12-31 06:26:41.603206412,Second Class,CUST-163,Customer 163,Consumer,United States,Chicago,New York,40573,West,Technology,Paper,Product 163,733.31,6,0.14,466.47
CA-1163,2023-05-24 08:48:05.771543086,2023-01-14 03:59:31.142284569,First Class,CUST-164,Customer 164,Consumer,United States,Los Angeles,Texas,88707,West,Furniture,Tables,Product 164,1830.22,4,0.21,39.31
CA-1164,2023-09-08 03:50:51.703406812,2023-12-25 10:00:14.428857716,First Class,CUST-165,Customer 165,Consumer,United States,Chicago,Florida,40933,West,Furniture,Storage,Product 165,712.55,5,0.28,490.06
CA-1165,2024-06-09 04:34:08.897795592,2024-04-18 23:42:41.122244488,Standard Class,CUST-166,Customer 166,Corporate,United States,Miami,Texas,15774,South,Office Supplies,Paper,Product 166,938.46,6,0.04,387.03
CA-1166,2023-11-08 14:28:37.034068136,2023-05-25 19:54:42.565130260,First Class,CUST-167,Customer 167,Corporate,United States,Houston,Texas,82055,South,Furniture,Machines,Product 167,1372.32,3,0.09,366.0
CA-1167,2024-11-24 10:14:40.160320640,2024-02-27 18:51:13.346693384,Standard Class,CUST-168,Customer 168,Home Office,United States,Houston,California,20983,West,Furniture,Bookcases,Product 168,1108.89,8,0.04,22.53
CA-1168,2023-02-19 17:44:50.981963927,2023-09-19 20:43:46.052104208,Standard Class,CUST-169,Customer 169,Consumer,United States,Houston,Texas,28133,South,Technology,Bookcases,Product 169,726.43,4,0.18,-193.86
CA-1169,2024-10-17 09:22:43.527054104,2023-11-21 18:28:08.176352704,Standard Class,CUST-170,Customer 170,Corporate,United States,Houston,California,24939,Central,Office Supplies,Phones,Product 170,899.51,8,0.09,67.49
CA-1170,2023-11-27 14:54:35.350701400,2024-07-28 22:18:59.879759520,Second Class,CUST-171,Customer 171,Corporate,United States,Houston,Illinois,10781,Central,Furniture,Phones,Product 171,1599.24,3,0.1,11.27
CA-1171,2023-05-27 07:01:19.358717434,2023-12-31 06:26:41.603206412,Second Class,CUST-172,Customer 172,Consumer,United States,Houston,California,66700,South,Furniture,Accessories,Product 172,592.35,7,0.02,-173.82
CA-1172,2024-09-21 01:23:41.242484968,2023-08-02 14:05:31.863727456,Second Class,CUST-173,Customer 173,Home Office,United States,Houston,Florida,37624,South,Office Supplies,Phones,Product 173,327.4,9,0.1,153.76
CA-1173,2024-11-05 09:48:41.843687376,2024-10-07 03:36:25.971943888,Standard Class,CUST-174,Customer 174,Consumer,United States,Miami,California,16823,Central,Technology,Phones,Product 174,660.67,4,0.26,82.12
CA-1174,2023-07-10 04:19:43.166332664,2023-05-19 23:28:15.390781562,Second Class,CUST-175,Customer 175,Home Office,United States,Los Angeles,Illinois,28489,East,Office Supplies,Tables,Product 175,1706.59,8,0.07,244.19
CA-1175,2024-01-10 12:12:59.158316632,2024-01-10 12:12:59.158316632,Second Class,CUST-176,Customer 176,Corporate,United States,New York City,Florida,49961,Central,Office Supplies,Binders,Product 176,223.53,3,0.21,234.83
CA-1176,2023-01-06 20:26:27.174348697,2024-04-18 23:42:41.122244488,First Class,CUST-177,Customer 177,Home Office,United States,Chicago,New York,39118,Central,Furniture,Phones,Product 177,1983.81,7,0.19,-115.48
CA-1177,2023-11-14 10:55:04.208416832,2024-12-20 18:13:42.444889776,Second Class,CUST-178,Customer 178,Corporate,United States,New York City,New York,91816,South,Furniture,Bookcases,Product 178,1104.96,3,0.26,483.88
CA-1178,2024-01-07 13:59:45.571142284,2023-01-05 09:19:50.380761523,Second Class,CUST-179,Customer 179,Consumer,United States,New York City,California,32263,Central,Technology,Machines,Product 179,1970.45,7,0.04,-69.15
CA-1179,2024-08-03 18:45:27.054108216,2023-01-22 22:39:11.903807615,Standard Class,CUST-180,Customer 180,Consumer,United States,Los Angeles,California,23565,South,Furniture,Phones,Product 180,1881.04,6,0.29,111.69
CA-1180,2024-06-07 17:27:32.104208416,2024-02-13 03:45:05.410821640,Standard Class,CUST-181,Customer 181,Consumer,United States,Los Angeles,Illinois,30354,South,Furniture,Tables,Product 181,932.99,2,0.17,141.68
CA-1181,2024-02-17 13:04:55.791583164,2024-05-05 01:55:25.851703408,Standard Class,CUST-182,Customer 182,Home Office,United States,Los Angeles,Illinois,52951,West,Office Supplies,Bookcases,Product 182,437.06,3,0.3,369.14
CA-1182,2024-07-27 11:12:23.086172344,2023-12-26 21:06:51.222444888,Standard Class,CUST-183,Customer 183,Corporate,United States,Houston,Texas,33648,Central,Furniture,Storage,Product 183,371.53,6,0.27,-130.54
CA-1183,2023-10-29 08:42:19.478957916,2024-01-11 23:19:35.951903808,Standard Class,CUST-184,Customer 184,Consumer,United States,Miami,Illinois,60729,East,Technology,Tables,Product 184,517.98,4,0.07,100.05
CA-1184,2023-01-21 11:32:35.110220440,2024-12-26 14:40:09.619238472,Standard Class,CUST-185,Customer 185,Consumer,United States,Houston,Texas,51971,West,Office Supplies,Accessories,Product 185,1434.76,6,0.02,239.95
CA-1185,2024-05-19 17:01:33.787575152,2024-11-25 21:21:16.953907816,Second Class,CUST-186,Customer 186,Corporate,United States,Miami,Florida,28658,South,Technology,Binders,Product 186,582.25,1,0.08,-49.39
CA-1186,2023-03-01 23:31:08.537074148,2024-07-14 07:12:51.943887776,Standard Class,CUST-187,Customer 187,Consumer,United States,Miami,California,31253,South,Office Supplies,Accessories,Product 187,715.78,1,0.16,239.23
CA-1187,2024-07-08 10:46:24.769539080,2023-08-21 14:31:30.180360720,Standard Class,CUST-188,Customer 188,Corporate,United States,New York City,Florida,74166,East,Furniture,Storage,Product 188,925.12,3,0.05,446.57
CA-1188,2024-11-03 22:42:05.050100200,2024-11-24 10:14:40.160320640,First Class,CUST-189,Customer 189,Corporate,United States,New York City,Illinois,58563,South,Office Supplies,Paper,Product 189,1830.8,8,0.05,498.26
CA-1189,2023-09-18 09:37:09.258517032,2024-05-10 22:21:53.026052104,Second Class,CUST-190,Customer 190,Corporate,United States,Miami,Florida,36390,Central,Office Supplies,Storage,Product 190,419.32,8,0.14,-177.28
CA-1190,2023-04-01 16:50:01.202404809,2023-08-09 21:38:35.831663324,Second Class,CUST-191,Customer 191,Corporate,United States,Miami,Florida,98664,West,Furniture,Machines,Product 191,59.8,4,0.01,-35.09
CA-1191,2024-05-28 11:41:14.549098192,2024-07-31 20:32:13.466933864,Second Class,CUST-192,Customer 192,Corporate,United States,Houston,Florida,61578,South,Furniture,Phones,Product 192,167.19,6,0.04,17.21
CA-1192,2023-12-03 11:21:02.525050100,2023-09-16 22:30:32.464929860,Standard Class,CUST-193,Customer 193,Home Office,United States,Houston,Illinois,89025,South,Technology,Storage,Product 193,1814.29,8,0.12,79.39
CA-1193,2023-12-18 02:27:10.460921844,2023-08-25 23:51:20.561122244,Standard Class,CUST-194,Customer 194,Consumer,United States,New York City,Florida,42658,East,Technology,Paper,Product 194,1312.66,7,0.02,-30.42
CA-1194,2023-03-16 14:37:16.472945892,2024-07-08 10:46:24.769539080,Standard Class,CUST-195,Customer 195,Home Office,United States,Los Angeles,Texas,16852,Central,Furniture,Bookcases,Product 195,582.43,7,0.12,-57.56
CA-1195,2023-05-19 23:28:15.390781562,2023-02-16 19:31:37.394789579,First Class,CUST-196,Customer 196,Consumer,United States,Miami,Illinois,12551,South,Furniture,Accessories,Product 196,395.53,4,0.14,468.19
CA-1196,2024-07-20 03:39:19.118236472,2024-08-31 13:51:06.132264528,Standard Class,CUST-197,Customer 197,Home Office,United States,Houston,Florida,81947,East,Furniture,Accessories,Product 197,623.82,9,0.14,442.97
CA-1197,2023-11-20 07:21:31.382765528,2024-10-11 12:56:16.352705408,First Class,CUST-198,Customer 198,Corporate,United States,New York City,Illinois,71001,South,Office Supplies,Binders,Product 198,273.85,6,0.26,-167.11
CA-1198,2024-12-09 01:20:48.096192384,2023-09-18 09:37:09.258517032,Second Class,CUST-199,Customer 199,Consumer,United States,Houston,New York,59159,East,Office Supplies,Chairs,Product 199,1885.99,3,0.16,37.17
CA-1199,2024-08-16 22:44:58.196392784,2024-09-15 04:57:14.068136272,Standard Class,CUST-200,Customer 200,Consumer,United States,Miami,Texas,61707,East,Office Supplies,Storage,Product 200,1579.2,5,0.14,83.6
CA-1200,2023-12-03 11:21:02.525050100,2023-05-27 07:01:19.358717434,First Class,CUST-201,Customer 201,Home Office,United States,Miami,Florida,43243,Central,Furniture,Bookcases,Product 201,951.66,5,0.12,-32.69
CA-1201,2023-12-12 06:00:43.286573144,2024-01-26 14:25:43.887775548,First Class,CUST-202,Customer 202,Home Office,United States,Chicago,New York,31800,South,Technology,Chairs,Product 202,1736.68,5,0.25,240.21
CA-1202,2023-07-27 17:39:04.689378756,2024-04-16 01:29:27.535070136,Standard Class,CUST-203,Customer 203,Consumer,United States,Los Angeles,New York,85939,Central,Furniture,Binders,Product 203,536.44,8,0.27,248.27
CA-1203,2023-09-06 16:44:14.909819640,2023-04-04 15:03:14.789579158,Second Class,CUST-204,Customer 204,Home Office,United States,Chicago,Illinois,67828,East,Office Supplies,Tables,Product 204,1448.39,9,0.26,395.35
CA-1204,2023-02-10 23:05:10.220440881,2024-08-31 13:51:06.132264528,Second Class,CUST-205,Customer 205,Home Office,United States,New York City,New York,17239,West,Office Supplies,Phones,Product 205,1719.46,9,0.2,318.61
CA-1205,2023-02-21 04:51:27.775551102,2023-09-02 07:24:24.529058116,Second Class,CUST-206,Customer 206,Home Office,United States,Houston,Texas,16710,South,Furniture,Binders,Product 206,745.7,6,0.04,179.8
CA-1206,2023-01-18 13:19:21.523046092,2024-04-26 07:15:45.090180360,First Class,CUST-207,Customer 207,Corporate,United States,New York City,Texas,31384,West,Furniture,Storage,Product 207,1527.06,6,0.08,257.51
CA-1207,2023-08-21 14:31:30.180360720,2023-03-03 10:37:45.330661322,First Class,CUST-208,Customer 208,Corporate,United States,Miami,California,31038,South,Office Supplies,Accessories,Product 208,625.39,9,0.01,-8.21
CA-1208,2024-04-21 21:55:54.709418840,2023-03-04 21:44:22.124248497,First Class,CUST-209,Customer 209,Home Office,United States,Chicago,Texas,50846,Central,Office Supplies,Paper,Product 209,632.77,4,0.28,215.14
CA-1209,2023-09-30 02:30:03.607214428,2024-02-20 11:18:09.378757512,First Class,CUST-210,Customer 210,Home Office,United States,Chicago,New York,97983,Central,Office Supplies,Phones,Product 210,258.76,6,0.2,142.46
CA-1210,2023-12-21 00:40:24.048096192,2024-08-02 07:38:50.260521040,Second Class,CUST-211,Customer 211,Corporate,United States,Chicago,Texas,77821,Central,Furniture,Accessories,Product 211,908.11,4,0.22,-106.66
CA-1211,2023-05-05 08:22:07.454909820,2023-01-17 02:12:44.729458917,Standard Class,CUST-212,Customer 212,Corporate,United States,New York City,Illinois,47991,Central,Office Supplies,Storage,Product 212,1472.94,1,0.09,-30.22
CA-1212,2024-02-19 00:11:32.585170340,2023-05-18 12:21:38.597194388,First Class,CUST-213,Customer 213,Consumer,United States,Miami,California,89057,Central,Office Supplies,Storage,Product 213,1883.43,7,0.25,4.19
CA-1213,2023-04-06 02:09:51.583166332,2024-03-16 08:10:34.869739480,First Class,CUST-214,Customer 214,Consumer,United States,Houston,New York,16971,West,Technology,Binders,Product 214,1227.4,6,0.08,447.02
CA-1214,2023-09-05 05:37:38.116232464,2024-07-17 05:26:05.531062120,Second Class,CUST-215,Customer 215,Corporate,United States,Houston,California,39139,Central,Furniture,Tables,Product 215,1733.11,9,0.0,-38.73
CA-1215,2023-03-06 08:50:58.917835671,2024-01-04 15:46:31.983967936,Standard Class,CUST-216,Customer 216,Home Office,United States,New York City,New York,95445,East,Technology,Phones,Product 216,1653.86,7,0.11,2.47
CA-1216,2023-03-31 05:43:24.408817635,2024-12-29 12:53:23.206412824,Standard Class,CUST-217,Customer 217,Home Office,United States,Chicago,Illinois,87067,East,Technology,Accessories,Product 217,388.02,7,0.17,58.55
CA-1217,2024-10-05 16:29:49.178356712,2023-12-19 13:33:47.254509016,Second Class,CUST-218,Customer 218,Home Office,United States,Los Angeles,California,90257,West,Office Supplies,Phones,Product 218,997.34,2,0.14,264.62
CA-1218,2023-07-14 13:39:33.547094188,2023-02-19 17:44:50.981963927,Second Class,CUST-219,Customer 219,Home Office,United States,New York City,Florida,94742,South,Furniture,Machines,Product 219,278.0,9,0.26,-117.23
CA-1219,2024-02-19 00:11:32.585170340,2023-11-10 01:35:13.827655308,Standard Class,CUST-220,Customer 220,Consumer,United States,New York City,New York,47711,East,Office Supplies,Paper,Product 220,1380.2,9,0.03,467.76
CA-1220,2023-02-09 11:58:33.426853707,2024-05-06 13:02:02.645290576,First Class,CUST-221,Customer 221,Corporate,United States,Miami,Florida,16530,South,Furniture,Binders,Product 221,1902.3,6,0.17,405.9
CA-1221,2023-06-06 12:47:36.913827654,2023-05-11 04:48:34.629258516,Standard Class,CUST-222,Customer 222,Home Office,United States,Houston,California,21116,West,Technology,Tables,Product 222,317.32,3,0.15,204.05
CA-1222,2023-03-04 21:44:22.124248497,2024-01-20 17:59:16.713426852,Second Class,CUST-223,Customer 223,Consumer,United States,New York City,Florida,75794,South,Furniture,Binders,Product 223,1481.07,1,0.08,271.83
CA-1223,2024-05-10 22:21:53.026052104,2023-05-15 14:08:25.010020040,First Class,CUST-224,Customer 224,Home Office,United States,New York City,Florida,10282,South,Office Supplies,Chairs,Product 224,1282.86,4,0.25,-188.34
CA-1224,2024-02-21 22:24:46.172344688,2024-08-21 08:04:48.577154304,First Class,CUST-225,Customer 225,Corporate,United States,Chicago,California,89473,South,Office Supplies,Tables,Product 225,1188.03,3,0.23,37.26
CA-1225,2024-10-13 00:02:53.146292584,2024-10-30 13:22:14.669338672,Second Class,CUST-226,Customer 226,Consumer,United States,Chicago,Illinois,11898,South,Office Supplies,Tables,Product 226,810.73,1,0.22,356.96
CA-1226,2024-04-27 18:22:21.883767536,2023-05-11 04:48:34.629258516,Second Class,CUST-227,Customer 227,Corporate,United States,Los Angeles,Florida,14135,West,Furniture,Machines,Product 227,742.51,3,0.26,-145.76
CA-1227,2023-07-05 18:59:52.785571142,2024-09-02 00:57:42.925851704,Second Class,CUST-228,Customer 228,Corporate,United States,Miami,Florida,16629,East,Technology,Bookcases,Product 228,138.24,4,0.22,-2.38
CA-1228,2024-05-22 15:14:47.374749496,2023-06-16 18:33:54.468937876,Standard Class,CUST-229,Customer 229,Consumer,United States,Los Angeles,Illinois,95120,Central,Technology,Machines,Product 229,474.92,8,0.07,209.71
CA-1229,2024-11-21 12:01:26.573146288,2023-06-02 03:27:46.533066132,Standard Class,CUST-230,Customer 230,Consumer,United States,Chicago,Florida,99087,South,Furniture,Chairs,Product 230,79.59,9,0.21,-20.51
CA-1230,2023-12-03 11:21:02.525050100,2024-07-24 12:59:09.498997992,First Class,CUST-231,Customer 231,Consumer,United States,Houston,Florida,75031,East,Office Supplies,Accessories,Product 231,1183.76,3,0.09,453.78
CA-1231,2023-10-04 11:49:53.987975952,2023-10-13 06:29:34.749498996,Second Class,CUST-232,Customer 232,Consumer,United States,Chicago,Florida,43380,East,Technology,Phones,Product 232,256.41,6,0.07,-108.26
CA-1232,2023-11-24 16:41:21.763527052,2024-04-02 21:29:56.392785568,First Class,CUST-233,Customer 233,Consumer,United States,Miami,Texas,27071,West,Office Supplies,Chairs,Product 233,1752.39,5,0.02,358.18
CA-1233,2024-07-15 18:19:28.737474944,2023-06-15 07:27:17.675350700,First Class,CUST-234,Customer 234,Consumer,United States,Chicago,Illinois,30074,East,Furniture,Accessories,Product 234,1070.13,6,0.22,155.56
CA-1234,2024-07-04 01:26:34.388777552,2024-12-20 18:13:42.444889776,First Class,CUST-235,Customer 235,Consumer,United States,Miami,Florida,77843,West,Office Supplies,Chairs,Product 235,1414.4,4,0.21,325.23
CA-1235,2024-02-17 13:04:55.791583164,2023-04-19 06:09:22.725450902,First Class,CUST-236,Customer 236,Home Office,United States,Miami,Illinois,49901,South,Technology,Accessories,Product 236,851.17,6,0.07,17.5
CA-1236,2024-10-13 00:02:53.146292584,2024-08-25 17:24:38.957915832,Second Class,CUST-237,Customer 237,Corporate,United States,Miami,New York,21205,South,Technology,Phones,Product 237,1143.13,7,0.22,160.14
CA-1237,2023-06-25 13:13:35.230460922,2024-07-02 14:19:57.595190376,First Class,CUST-238,Customer 238,Consumer,United States,Miami,New York,65661,Central,Office Supplies,Paper,Product 238,1888.19,9,0.28,399.78
CA-1238,2023-06-18 05:40:31.262525050,2024-09-04 23:10:56.513026048,Second Class,CUST-239,Customer 239,Home Office,United States,Miami,Florida,15906,Central,Furniture,Tables,Product 239,211.33,7,0.03,126.81
CA-1239,2024-11-03 22:42:05.050100200,2023-11-12 23:48:27.414829660,Second Class,CUST-240,Customer 240,Home Office,United States,Houston,Illinois,12591,Central,Office Supplies,Storage,Product 240,545.18,6,0.07,51.8
CA-1240,2023-12-06 09:34:16.112224448,2024-02-08 18:25:15.030060120,Standard Class,CUST-241,Customer 241,Home Office,United States,Los Angeles,Illinois,72987,East,Furniture,Chairs,Product 241,1570.98,1,0.23,175.31
CA-1241,2024-01-13 10:26:12.745490980,2023-12-29 19:20:04.809619236,Second Class,CUST-242,Customer 242,Corporate,United States,New York City,Illinois,73370,South,Office Supplies,Chairs,Product 242,242.54,2,0.08,302.15
CA-1242,2024-06-07 17:27:32.104208416,2023-08-27 10:57:57.354709420,Standard Class,CUST-243,Customer 243,Consumer,United States,Los Angeles,Texas,90685,West,Technology,Tables,Product 243,197.54,1,0.19,110.49
CA-1243,2023-10-16 04:42:48.336673344,2024-07-28 22:18:59.879759520,Second Class,CUST-244,Customer 244,Home Office,United States,Miami,New York,64400,Central,Furniture,Phones,Product 244,755.01,9,0.02,457.21
CA-1244,2024-10-27 15:09:01.082164328,2024-06-04 19:14:18.517034064,Second Class,CUST-245,Customer 245,Corporate,United States,Houston,Illinois,35150,West,Furniture,Machines,Product 245,229.73,9,0.14,6.46
CA-1245,2024-08-22 19:11:25.370741480,2024-10-29 02:15:37.875751504,Second Class,CUST-246,Customer 246,Corporate,United States,Chicago,Illinois,41852,West,Furniture,Binders,Product 246,1190.9,7,0.22,132.82
CA-1246,2023-07-18 22:59:23.927855710,2024-08-18 09:51:34.989979960,Standard Class,CUST-247,Customer 247,Corporate,United States,Houston,Texas,52870,Central,Technology,Binders,Product 247,491.24,2,0.21,329.85
CA-1247,2024-04-08 17:56:23.567134264,2023-10-07 10:03:07.575150300,Standard Class,CUST-248,Customer 248,Home Office,United States,Miami,Texas,62756,South,Office Supplies,Storage,Product 248,1796.61,6,0.24,282.38
CA-1248,2023-08-28 22:04:34.148296592,2023-11-27 14:54:35.350701400,First Class,CUST-249,Customer 249,Consumer,United States,Houston,Illinois,66481,Central,Technology,Bookcases,Product 249,1577.83,4,0.26,404.55
CA-1249,2023-11-24 16:41:21.763527052,2023-09-15 11:23:55.671342684,Standard Class,CUST-250,Customer 250,Home Office,United States,Houston,California,11283,West,Furniture,Accessories,Product 250,1414.43,1,0.23,497.77
CA-1250,2024-03-23 15:43:38.837675352,2023-05-24 08:48:05.771543086,Standard Class,CUST-251,Customer 251,Home Office,United States,Miami,Illinois,43691,Central,Office Supplies,Bookcases,Product 251,1253.04,1,0.2,98.8
CA-1251,2023-12-07 20:40:52.905811624,2024-12-25 03:33:32.825651304,Standard Class,CUST-252,Customer 252,Consumer,United States,Houston,Illinois,11125,West,Technology,Binders,Product 252,1733.76,5,0.01,-122.19
CA-1252,2023-09-08 03:50:51.703406812,2023-02-21 04:51:27.775551102,Standard Class,CUST-253,Customer 253,Consumer,United States,New York City,Texas,77065,West,Furniture,Bookcases,Product 253,484.97,2,0.16,-178.71
CA-1253,2023-08-09 21:38:35.831663324,2024-11-11 06:15:09.018036072,First Class,CUST-254,Customer 254,Consumer,United States,New York City,Texas,36170,Central,Furniture,Bookcases,Product 254,1752.56,4,0.01,308.81
CA-1254,2024-11-06 20:55:18.637274544,2024-12-26 14:40:09.619238472,Standard Class,CUST-255,Customer 255,Corporate,United States,Houston,Illinois,18438,East,Technology,Tables,Product 255,1589.51,1,0.24,411.81
CA-1255,2024-04-04 08:36:33.186372744,2024-12-11 23:34:01.683366728,Second Class,CUST-256,Customer 256,Consumer,United States,Chicago,Illinois,30095,Central,Technology,Machines,Product 256,1508.91,4,0.1,-45.5
CA-1256,2024-06-29 16:06:44.008016032,2023-05-19 23:28:15.390781562,Second Class,CUST-257,Customer 257,Home Office,United States,Miami,Illinois,26154,East,Technology,Chairs,Product 257,1144.45,6,0.17,-89.09
CA-1257,2023-08-21 14:31:30.180360720,2023-08-09 21:38:35.831663324,Standard Class,CUST-258,Customer 258,Consumer,United States,New York City,Texas,18004,West,Furniture,Phones,Product 258,530.18,4,0.08,-156.46
CA-1258,2023-05-19 23:28:15.390781562,2023-08-08 10:31:59.038076152,Standard Class,CUST-259,Customer 259,Home Office,United States,Chicago,Illinois,19752,West,Technology,Binders,Product 259,875.92,1,0.23,375.89
CA-1259,2024-11-20 00:54:49.779559112,2023-10-04 11:49:53.987975952,Second Class,CUST-260,Customer 260,Corporate,United States,Houston,Illinois,65426,East,Furniture,Paper,Product 260,1597.46,7,0.27,17.97
CA-1260,2023-12-06 09:34:16.112224448,2023-11-23 05:34:44.969939880,Second Class,CUST-261,Customer 261,Home Office,United States,Chicago,Florida,36819,West,Technology,Paper,Product 261,111.97,2,0.12,81.19
CA-1261,2023-09-19 20:43:46.052104208,2023-02-22 15:58:04.569138276,First Class,CUST-262,Customer 262,Home Office,United States,Los Angeles,California,34217,East,Furniture,Binders,Product 262,1575.0,9,0.26,151.93
CA-1262,2023-06-13 20:20:40.881763526,2024-01-26 14:25:43.887775548,Second Class,CUST-263,Customer 263,Consumer,United States,New York City,New York,98708,East,Furniture,Binders,Product 263,518.14,3,0.08,387.62
CA-1263,2024-04-08 17:56:23.567134264,2024-06-22 08:33:40.040080160,Second Class,CUST-264,Customer 264,Consumer,United States,Houston,California,42994,West,Office Supplies,Storage,Product 264,331.4,8,0.16,255.58
CA-1264,2024-12-26 14:40:09.619238472,2023-09-24 06:03:36.432865732,Standard Class,CUST-265,Customer 265,Home Office,United States,Miami,Florida,25036,South,Technology,Storage,Product 265,275.62,8,0.26,230.55
CA-1265,2024-10-07 03:36:25.971943888,2023-01-18 13:19:21.523046092,Second Class,CUST-266,Customer 266,Consumer,United States,Houston,New York,87275,East,Technology,Paper,Product 266,103.14,3,0.1,-77.03
CA-1266,2023-03-16 14:37:16.472945892,2024-02-11 16:38:28.617234468,First Class,CUST-267,Customer 267,Corporate,United States,Miami,Illinois,59416,Central,Furniture,Storage,Product 267,1070.99,4,0.29,159.23
CA-1267,2024-01-26 14:25:43.887775548,2023-11-12 23:48:27.414829660,Second Class,CUST-268,Customer 268,Corporate,United States,Houston,Florida,19587,Central,Furniture,Accessories,Product 268,475.61,2,0.04,300.77
CA-1268,2024-03-06 02:24:17.314629256,2024-06-01 21:01:04.929859720,Standard Class,CUST-269,Customer 269,Consumer,United States,Chicago,Illinois,10645,West,Furniture,Tables,Product 269,1979.39,4,0.01,481.28
CA-1269,2024-07-17 05:26:05.531062120,2024-06-10 15:40:45.691382760,Standard Class,CUST-270,Customer 270,Corporate,United States,Chicago,Texas,40930,South,Office Supplies,Accessories,Product 270,1170.15,9,0.27,-59.02
CA-1270,2024-07-18 16:32:42.324649296,2024-02-21 22:24:46.172344688,Second Class,CUST-271,Customer 271,Consumer,United States,Chicago,Florida,91835,West,Office Supplies,Machines,Product 271,318.88,2,0.02,-193.32
CA-1271,2023-06-13 20:20:40.881763526,2024-02-02 21:58:47.855711420,Standard Class,CUST-272,Customer 272,Home Office,United States,Los Angeles,Texas,40090,South,Furniture,Accessories,Product 272,1393.09,3,0.3,-147.29
CA-1272,2023-05-27 07:01:19.358717434,2024-06-22 08:33:40.040080160,First Class,CUST-273,Customer 273,Home Office,United States,Miami,Florida,97489,East,Technology,Machines,Product 273,1800.6,4,0.29,63.1
CA-1273,2023-06-13 20:20:40.881763526,2023-03-31 05:43:24.408817635,First Class,CUST-274,Customer 274,Corporate,United States,Chicago,Florida,62142,East,Technology,Storage,Product 274,1503.1,5,0.04,374.38
CA-1274,2024-10-04 05:23:12.384769536,2023-05-02 10:08:53.867735470,Second Class,CUST-275,Customer 275,Consumer,United States,Los Angeles,Texas,36475,East,Office Supplies,Storage,Product 275,199.06,1,0.16,-195.0
CA-1275,2023-04-28 00:49:03.486973948,2024-06-20 21:27:03.246492984,Second Class,CUST-276,Customer 276,Consumer,United States,Miami,New York,28888,East,Office Supplies,Chairs,Product 276,1796.97,7,0.06,119.71
CA-1276,2023-09-30 02:30:03.607214428,2023-11-12 23:48:27.414829660,Second Class,CUST-277,Customer 277,Corporate,United States,Houston,California,53732,Central,Furniture,Phones,Product 277,1598.16,7,0.13,30.46
CA-1277,2023-06-13 20:20:40.881763526,2024-05-13 20:35:06.613226448,Standard Class,CUST-278,Customer 278,Home Office,United States,Los Angeles,Illinois,91623,Central,Technology,Binders,Product 278,358.69,9,0.02,-163.26
CA-1278,2023-01-02 11:06:36.793587174,2024-08-02 07:38:50.260521040,First Class,CUST-279,Customer 279,Corporate,United States,New York City,Florida,56305,West,Furniture,Machines,Product 279,150.98,4,0.07,115.17
CA-1279,2023-07-08 17:13:06.372745490,2023-09-30 02:30:03.607214428,First Class,CUST-280,Customer 280,Home Office,United States,Los Angeles,Illinois,56037,South,Office Supplies,Storage,Product 280,1136.76,6,0.11,-21.68
CA-1280,2023-11-17 09:08:17.795591180,2023-01-27 07:59:02.284569138,Standard Class,CUST-281,Customer 281,Consumer,United States,Los Angeles,Texas,19346,East,Technology,Binders,Product 281,354.27,2,0.13,46.32
CA-1281,2023-03-19 12:50:30.060120240,2023-09-15 11:23:55.671342684,First Class,CUST-282,Customer 282,Home Office,United States,Miami,Illinois,10587,East,Technology,Tables,Product 282,1677.45,4,0.29,293.93
CA-1282,2024-05-15 07:41:43.406813624,2023-05-25 19:54:42.565130260,Second Class,CUST-283,Customer 283,Corporate,United States,Houston,Texas,22763,South,Office Supplies,Storage,Product 283,748.75,2,0.24,165.09
CA-1283,2024-12-09 01:20:48.096192384,2024-07-31 20:32:13.466933864,Second Class,CUST-284,Customer 284,Consumer,United States,New York City,Illinois,69165,South,Furniture,Tables,Product 284,1830.14,5,0.22,-112.75
CA-1284,2023-11-23 05:34:44.969939880,2024-10-11 12:56:16.352705408,Second Class,CUST-285,Customer 285,Corporate,United States,Chicago,California,79615,West,Furniture,Tables,Product 285,1153.09,7,0.16,472.99
CA-1285,2023-11-24 16:41:21.763527052,2023-12-06 09:34:16.112224448,First Class,CUST-286,Customer 286,Corporate,United States,Chicago,California,46116,South,Technology,Bookcases,Product 286,406.21,1,0.25,245.14
CA-1286,2024-07-15 18:19:28.737474944,2024-08-11 02:18:31.022044088,Second Class,CUST-287,Customer 287,Home Office,United States,Los Angeles,California,95751,East,Office Supplies,Chairs,Product 287,322.22,7,0.1,336.11
CA-1287,2024-08-11 02:18:31.022044088,2023-04-20 17:15:59.519038076,Standard Class,CUST-288,Customer 288,Corporate,United States,Miami,California,35556,East,Technology,Chairs,Product 288,1174.12,6,0.21,-144.55
CA-1288,2023-07-02 20:46:39.198396792,2024-01-22 05:05:53.507014028,Standard Class,CUST-289,Customer 289,Home Office,United States,Miami,California,69042,East,Office Supplies,Bookcases,Product 289,1535.67,6,0.3,-167.06
CA-1289,2023-07-08 17:13:06.372745490,2024-10-26 04:02:24.288577152,First Class,CUST-290,Customer 290,Consumer,United States,Chicago,California,28099,East,Furniture,Binders,Product 290,1573.94,8,0.09,-186.39
CA-1290,2023-03-18 01:43:53.266533066,2024-02-19 00:11:32.585170340,Standard Class,CUST-291,Customer 291,Home Office,United States,New York City,Texas,55096,East,Office Supplies,Phones,Product 291,587.73,8,0.2,-67.84
CA-1291,2023-09-08 03:50:51.703406812,2023-10-27 21:35:42.685370740,Standard Class,CUST-292,Customer 292,Consumer,United States,Houston,Florida,81986,West,Furniture,Tables,Product 292,448.28,6,0.25,90.09
CA-1292,2023-11-14 10:55:04.208416832,2023-11-21 18:28:08.176352704,First Class,CUST-293,Customer 293,Home Office,United States,New York City,Illinois,23230,East,Office Supplies,Bookcases,Product 293,82.67,3,0.27,455.08
CA-1293,2023-08-21 14:31:30.180360720,2024-07-14 07:12:51.943887776,Second Class,CUST-294,Customer 294,Corporate,United States,Houston,California,39009,West,Technology,Accessories,Product 294,1374.44,5,0.22,119.94
CA-1294,2023-10-16 04:42:48.336673344,2023-03-16 14:37:16.472945892,Second Class,CUST-295,Customer 295,Home Office,United States,Chicago,Texas,80969,East,Furniture,Bookcases,Product 295,199.31,2,0.09,3.18
CA-1295,2024-08-30 02:44:29.338677352,2024-05-09 11:15:16.232464928,Second Class,CUST-296,Customer 296,Home Office,United States,Houston,Texas,43866,Central,Technology,Chairs,Product 296,870.48,5,0.1,193.35
CA-1296,2023-12-26 21:06:51.222444888,2024-06-19 10:20:26.452905808,First Class,CUST-297,Customer 297,Consumer,United States,Miami,Texas,94246,Central,Technology,Tables,Product 297,1223.28,9,0.01,-121.65
CA-1297,2024-04-17 12:36:04.328657312,2023-07-29 04:45:41.482965932,Standard Class,CUST-298,Customer 298,Corporate,United States,Los Angeles,Florida,86975,Central,Furniture,Bookcases,Product 298,1877.36,1,0.23,226.65
CA-1298,2024-10-02 18:16:35.591182360,2024-06-28 05:00:07.214428856,Second Class,CUST-299,Customer 299,Home Office,United States,Los Angeles,Illinois,51855,Central,Furniture,Bookcases,Product 299,658.01,5,0.01,197.9
CA-1299,2023-10-23 12:15:52.304609216,2023-04-10 11:29:41.963927855,Second Class,CUST-300,Customer 300,Corporate,United States,Chicago,Florida,91557,West,Technology,Bookcases,Product 300,537.06,6,0.26,354.4
CA-1300,2023-09-25 17:10:13.226452904,2023-05-24 08:48:05.771543086,First Class,CUST-301,Customer 301,Home Office,United States,Miami,New York,16416,West,Technology,Phones,Product 301,1325.61,7,0.04,490.68
CA-1301,2023-06-28 11:26:48.817635270,2024-07-31 20:32:13.466933864,Second Class,CUST-302,Customer 302,Home Office,United States,New York City,Texas,82516,South,Technology,Bookcases,Product 302,1257.52,9,0.05,-24.39
CA-1302,2024-08-08 04:05:17.434869736,2023-02-05 02:38:43.046092184,First Class,CUST-303,Customer 303,Corporate,United States,Miami,New York,65915,East,Technology,Binders,Product 303,697.61,6,0.14,156.76
CA-1303,2024-01-07 13:59:45.571142284,2024-09-28 08:56:45.210420840,Standard Class,CUST-304,Customer 304,Home Office,United States,Los Angeles,California,28058,Central,Furniture,Binders,Product 304,1859.8,5,0.22,436.21
CA-1304,2024-03-04 15:17:40.521042080,2024-07-06 23:39:47.975951904,First Class,CUST-305,Customer 305,Corporate,United States,Los Angeles,California,86637,West,Furniture,Chairs,Product 305,1697.48,7,0.04,349.63
CA-1305,2024-02-13 03:45:05.410821640,2024-11-15 15:34:59.398797592,First Class,CUST-306,Customer 306,Home Office,United States,Miami,Florida,50718,East,Technology,Tables,Product 306,486.77,1,0.13,141.18
CA-1306,2024-04-18 23:42:41.122244488,2024-12-07 14:14:11.302605208,First Class,CUST-307,Customer 307,Consumer,United States,Miami,Illinois,42602,East,Office Supplies,Bookcases,Product 307,516.33,5,0.14,461.76
CA-1307,2024-06-26 17:53:30.420841680,2023-03-18 01:43:53.266533066,First Class,CUST-308,Customer 308,Corporate,United States,Los Angeles,New York,84658,West,Office Supplies,Accessories,Product 308,1048.99,2,0.06,-159.93
CA-1308,2023-05-22 21:41:28.977955912,2023-08-08 10:31:59.038076152,Standard Class,CUST-309,Customer 309,Home Office,United States,New York City,Illinois,88112,Central,Furniture,Bookcases,Product 309,1558.47,4,0.03,451.7
CA-1309,2023-10-16 04:42:48.336673344,2023-07-29 04:45:41.482965932,Standard Class,CUST-310,Customer 310,Home Office,United States,Chicago,Florida,68067,South,Technology,Binders,Product 310,135.88,7,0.25,-164.64
CA-1310,2024-11-17 02:41:36.192384768,2023-03-23 22:10:20.440881763,Second Class,CUST-311,Customer 311,Consumer,United States,Chicago,California,37516,East,Technology,Machines,Product 311,1402.0,5,0.15,183.11
CA-1311,2024-07-30 09:25:36.673346688,2023-02-25 14:11:18.156312625,Standard Class,CUST-312,Customer 312,Corporate,United States,Miami,Illinois,97969,South,Furniture,Binders,Product 312,1314.06,6,0.0,423.31
CA-1312,2023-12-16 15:20:33.667334668,2023-06-07 23:54:13.707414830,Standard Class,CUST-313,Customer 313,Home Office,United States,Chicago,Illinois,11089,Central,Office Supplies,Bookcases,Product 313,501.39,2,0.24,-16.1
CA-1313,2023-07-29 04:45:41.482965932,2023-09-21 07:50:22.845691380,Second Class,CUST-314,Customer 314,Consumer,United States,Los Angeles,California,47346,Central,Office Supplies,Machines,Product 314,1378.64,3,0.29,130.57
CA-1314,2023-05-21 10:34:52.184368736,2023-03-01 23:31:08.537074148,Standard Class,CUST-315,Customer 315,Home Office,United States,Los Angeles,New York,84663,South,Office Supplies,Tables,Product 315,1883.36,7,0.18,27.03
CA-1315,2023-10-20 14:02:38.717434868,2023-09-28 15:23:26.813627252,First Class,CUST-316,Customer 316,Corporate,United States,Miami,California,20487,Central,Furniture,Binders,Product 316,141.23,2,0.15,466.5
CA-1316,2023-06-29 22:33:25.611222444,2024-09-09 08:30:46.893787576,First Class,CUST-317,Customer 317,Home Office,United States,Miami,Illinois,10155,East,Office Supplies,Storage,Product 317,673.32,6,0.26,376.55
CA-1317,2023-09-30 02:30:03.607214428,2024-08-03 18:45:27.054108216,Second Class,CUST-318,Customer 318,Home Office,United States,Miami,New York,77494,South,Furniture,Paper,Product 318,904.44,5,0.29,296.3
CA-1318,2024-04-20 10:49:17.915831664,2023-11-21 18:28:08.176352704,Second Class,CUST-319,Customer 319,Home Office,United States,New York City,New York,86229,Central,Furniture,Storage,Product 319,1803.56,1,0.23,211.34
CA-1319,2024-11-08 08:01:55.430861720,2023-06-27 00:20:12.024048096,Second Class,CUST-320,Customer 320,Home Office,United States,Chicago,California,48547,South,Technology,Bookcases,Product 320,1926.41,4,0.13,374.41
CA-1320,2024-05-24 02:21:24.168336672,2023-07-13 02:32:56.753507014,First Class,CUST-321,Customer 321,Consumer,United States,Miami,Illinois,38795,East,Office Supplies,Chairs,Product 321,916.02,2,0.18,74.59
CA-1321,2024-01-13 10:26:12.745490980,2023-08-25 23:51:20.561122244,Standard Class,CUST-322,Customer 322,Consumer,United States,Houston,Florida,65296,Central,Furniture,Tables,Product 322,1512.56,4,0.21,113.29
CA-1322,2023-08-04 01:12:08.657314628,2023-11-10 01:35:13.827655308,First Class,CUST-323,Customer 323,Corporate,United States,Houston,Illinois,31447,East,Office Supplies,Binders,Product 323,1086.74,1,0.06,311.0
CA-1323,2024-01-03 04:39:55.190380760,2023-11-18 20:14:54.589178356,Second Class,CUST-324,Customer 324,Consumer,United States,Los Angeles,Texas,46598,Central,Office Supplies,Tables,Product 324,1098.68,2,0.13,50.43
CA-1324,2024-10-08 14:43:02.765531056,2023-12-09 07:47:29.699398796,Standard Class,CUST-325,Customer 325,Consumer,United States,Chicago,Florida,51814,West,Technology,Phones,Product 325,592.29,8,0.25,-155.27
CA-1325,2024-09-04 23:10:56.513026048,2024-04-27 18:22:21.883767536,Standard Class,CUST-326,Customer 326,Corporate,United States,Miami,New York,85330,Central,Office Supplies,Accessories,Product 326,473.06,6,0.2,-147.97
CA-1326,2024-08-11 02:18:31.022044088,2023-08-01 02:58:55.070140280,First Class,CUST-327,Customer 327,Consumer,United States,Houston,Florida,97960,South,Technology,Bookcases,Product 327,611.61,2,0.12,-119.25
CA-1327,2024-05-19 17:01:33.787575152,2023-12-15 04:13:56.873747492,Second Class,CUST-328,Customer 328,Consumer,United States,Chicago,New York,73278,Central,Furniture,Machines,Product 328,1134.84,6,0.2,408.78
CA-1328,2024-10-20 07:35:57.114228456,2023-04-20 17:15:59.519038076,First Class,CUST-329,Customer 329,Corporate,United States,Los Angeles,New York,65077,East,Office Supplies,Paper,Product 329,106.85,9,0.04,130.56
CA-1329,2023-08-02 14:05:31.863727456,2023-01-12 16:52:54.348697394,Standard Class,CUST-330,Customer 330,Corporate,United States,New York City,Florida,81906,East,Furniture,Machines,Product 330,1819.14,7,0.12,299.02
CA-1330,2023-08-04 01:12:08.657314628,2023-04-17 19:02:45.931863728,First Class,CUST-331,Customer 331,Corporate,United States,Chicago,New York,19528,Central,Office Supplies,Storage,Product 331,354.75,9,0.24,75.04
CA-1331,2024-05-28 11:41:14.549098192,2024-10-07 03:36:25.971943888,First Class,CUST-332,Customer 332,Home Office,United States,Chicago,New York,60100,South,Furniture,Accessories,Product 332,479.17,5,0.07,-18.9
CA-1332,2023-10-17 15:49:25.130260520,2024-12-19 07:07:05.651302600,Second Class,CUST-333,Customer 333,Home Office,United States,New York City,Texas,18179,West,Office Supplies,Machines,Product 333,1060.64,7,0.06,43.03
CA-1333,2024-03-25 02:50:15.631262520,2024-08-08 04:05:17.434869736,Second Class,CUST-334,Customer 334,Corporate,United States,Chicago,Illinois,58781,South,Office Supplies,Accessories,Product 334,1434.72,7,0.29,355.93
CA-1334,2024-12-14 21:47:15.270541080,2024-01-04 15:46:31.983967936,Standard Class,CUST-335,Customer 335,Corporate,United States,Los Angeles,Illinois,65267,West,Office Supplies,Accessories,Product 335,236.67,3,0.06,237.65
CA-1335,2024-08-31 13:51:06.132264528,2023-12-02 00:14:25.731462924,First Class,CUST-336,Customer 336,Corporate,United States,Los Angeles,Texas,92379,East,Office Supplies,Binders,Product 336,669.5,7,0.08,456.35
CA-1336,2024-09-10 19:37:23.687374744,2023-01-09 18:39:40.761523046,First Class,CUST-337,Customer 337,Home Office,United States,New York City,Florida,33952,South,Office Supplies,Bookcases,Product 337,1938.92,1,0.29,275.79
CA-1337,2023-07-05 18:59:52.785571142,2023-09-11 02:04:05.290581160,First Class,CUST-338,Customer 338,Home Office,United States,Miami,California,63798,West,Office Supplies,Binders,Product 338,561.57,9,0.22,199.13
CA-1338,2023-02-25 14:11:18.156312625,2023-07-24 19:25:51.102204408,Standard Class,CUST-339,Customer 339,Consumer,United States,Houston,California,60939,Central,Office Supplies,Phones,Product 339,660.45,6,0.21,227.14
CA-1339,2024-05-08 00:08:39.438877752,2023-09-02 07:24:24.529058116,Standard Class,CUST-340,Customer 340,Consumer,United States,Miami,California,39516,East,Office Supplies,Tables,Product 340,1681.17,5,0.26,459.66
CA-1340,2024-06-09 04:34:08.897795592,2023-09-05 05:37:38.116232464,Second Class,CUST-341,Customer 341,Corporate,United States,Chicago,Texas,66526,Central,Office Supplies,Binders,Product 341,147.92,7,0.03,351.74
CA-1341,2023-07-07 06:06:29.579158316,2024-07-27 11:12:23.086172344,Second Class,CUST-342,Customer 342,Home Office,United States,Houston,Texas,20449,East,Furniture,Tables,Product 342,956.0,5,0.21,-183.17
CA-1342,2024-01-25 03:19:07.094188376,2024-09-25 10:43:31.623246488,Second Class,CUST-343,Customer 343,Home Office,United States,New York City,New York,60290,South,Technology,Accessories,Product 343,790.25,5,0.15,173.9
CA-1343,2024-11-25 21:21:16.953907816,2024-02-17 13:04:55.791583164,First Class,CUST-344,Customer 344,Home Office,United States,New York City,California,96661,South,Office Supplies,Bookcases,Product 344,667.34,7,0.25,281.84
CA-1344,2024-10-05 16:29:49.178356712,2023-06-27 00:20:12.024048096,First Class,CUST-345,Customer 345,Corporate,United States,Houston,Florida,82954,East,Technology,Bookcases,Product 345,607.11,7,0.15,324.09
CA-1345,2024-11-21 12:01:26.573146288,2023-10-10 08:16:21.162324648,Second Class,CUST-346,Customer 346,Consumer,United States,Los Angeles,Florida,32746,East,Office Supplies,Bookcases,Product 346,228.18,3,0.19,-50.8
CA-1346,2024-09-25 10:43:31.623246488,2023-01-06 20:26:27.174348697,First Class,CUST-347,Customer 347,Corporate,United States,Houston,California,77990,East,Office Supplies,Phones,Product 347,663.91,3,0.14,407.02
CA-1347,2023-08-08 10:31:59.038076152,2023-02-10 23:05:10.220440881,Second Class,CUST-348,Customer 348,Consumer,United States,Chicago,California,68810,South,Furniture,Accessories,Product 348,133.95,3,0.14,469.09
CA-1348,2024-08-28 15:37:52.545090176,2023-08-28 22:04:34.148296592,Standard Class,CUST-349,Customer 349,Consumer,United States,Los Angeles,California,93297,West,Furniture,Tables,Product 349,1572.88,6,0.23,-34.3
CA-1349,2024-11-28 19:34:30.541082160,2024-09-07 21:24:10.100200400,Second Class,CUST-350,Customer 350,Corporate,United States,New York City,Texas,25223,Central,Technology,Bookcases,Product 350,826.54,6,0.19,417.83
CA-1350,2024-03-10 11:44:07.695390784,2024-05-09 11:15:16.232464928,Standard Class,CUST-351,Customer 351,Consumer,United States,Houston,Texas,82237,Central,Furniture,Machines,Product 351,915.61,3,0.19,-132.11
CA-1351,2023-05-24 08:48:05.771543086,2023-07-17 11:52:47.134268536,First Class,CUST-352,Customer 352,Consumer,United States,Miami,Texas,12597,South,Furniture,Tables,Product 352,1792.51,3,0.14,-161.01
CA-1352,2024-01-19 06:52:39.919839680,2024-12-25 03:33:32.825651304,Second Class,CUST-353,Customer 353,Home Office,United States,Miami,Illinois,75677,Central,Technology,Binders,Product 353,1333.21,8,0.16,-109.54
CA-1353,2024-01-03 04:39:55.190380760,2024-06-16 12:07:12.865731464,First Class,CUST-354,Customer 354,Consumer,United States,Chicago,Florida,12659,East,Furniture,Tables,Product 354,65.72,8,0.22,-159.58
CA-1354,2023-07-29 04:45:41.482965932,2024-04-13 03:16:13.947895792,Standard Class,CUST-355,Customer 355,Corporate,United States,Miami,Florida,96516,West,Office Supplies,Paper,Product 355,1889.19,7,0.25,391.51
CA-1355,2024-05-19 17:01:33.787575152,2024-05-13 20:35:06.613226448,Standard Class,CUST-356,Customer 356,Corporate,United States,Houston,New York,84567,Central,Technology,Binders,Product 356,512.43,4,0.21,-158.66
CA-1356,2023-06-12 09:14:04.088176352,2024-12-31 00:00:00.000000000,Standard Class,CUST-357,Customer 357,Consumer,United States,Houston,Texas,25037,West,Technology,Bookcases,Product 357,259.85,4,0.28,-9.84
CA-1357,2024-12-31 00:00:00.000000000,2023-07-30 15:52:18.276553104,First Class,CUST-358,Customer 358,Home Office,United States,Miami,Illinois,56738,East,Office Supplies,Storage,Product 358,1547.85,3,0.25,-127.37
CA-1358,2023-03-28 07:30:10.821643286,2024-04-21 21:55:54.709418840,First Class,CUST-359,Customer 359,Home Office,United States,Houston,Illinois,81678,Central,Furniture,Chairs,Product 359,1025.93,5,0.17,6.8
CA-1359,2024-06-22 08:33:40.040080160,2023-11-12 23:48:27.414829660,First Class,CUST-360,Customer 360,Consumer,United States,Chicago,Florida,22109,South,Technology,Accessories,Product 360,895.85,3,0.2,-136.61
CA-1360,2023-01-02 11:06:36.793587174,2024-03-14 21:03:58.076152304,First Class,CUST-361,Customer 361,Consumer,United States,Los Angeles,Texas,32010,West,Technology,Paper,Product 361,536.53,8,0.28,267.6
CA-1361,2024-07-15 18:19:28.737474944,2023-07-11 15:26:19.959919840,Standard Class,CUST-362,Customer 362,Corporate,United States,Chicago,New York,18787,East,Office Supplies,Storage,Product 362,1117.57,7,0.19,-106.67
CA-1362,2024-03-19 06:23:48.456913824,2024-03-01 17:04:26.933867736,Standard Class,CUST-363,Customer 363,Consumer,United States,Chicago,Texas,18472,West,Office Supplies,Phones,Product 363,585.05,3,0.25,396.29
CA-1363,2024-01-06 02:53:08.777555108,2023-04-11 22:36:18.757515030,Second Class,CUST-364,Customer 364,Home Office,United States,Houston,California,33383,Central,Furniture,Paper,Product 364,1808.09,9,0.21,372.03
CA-1364,2023-07-23 08:19:14.308617234,2024-01-03 04:39:55.190380760,Second Class,CUST-365,Customer 365,Consumer,United States,Los Angeles,Texas,71709,Central,Technology,Storage,Product 365,469.65,5,0.17,-190.44
CA-1365,2024-10-23 05:49:10.701402800,2024-08-28 15:37:52.545090176,First Class,CUST-366,Customer 366,Corporate,United States,Houston,California,79785,South,Furniture,Storage,Product 366,1774.49,9,0.07,427.01
CA-1366,2023-02-22 15:58:04.569138276,2024-02-05 20:12:01.442885772,Standard Class,CUST-367,Customer 367,Corporate,United States,New York City,California,44518,East,Furniture,Paper,Product 367,1140.84,7,0.13,-179.74
CA-1367,2023-08-21 14:31:30.180360720,2024-10-11 12:56:16.352705408,Standard Class,CUST-368,Customer 368,Corporate,United States,Houston,New York,63909,East,Office Supplies,Tables,Product 368,1665.55,7,0.29,-32.25
CA-1368,2023-01-12 16:52:54.348697394,2024-06-15 01:00:36.072144288,Standard Class,CUST-369,Customer 369,Corporate,United States,Houston,Florida,28351,South,Technology,Binders,Product 369,1440.05,6,0.2,-177.33
CA-1369,2023-12-06 09:34:16.112224448,2023-09-22 18:56:59.639278556,Second Class,CUST-370,Customer 370,Corporate,United States,Houston,Texas,79624,South,Technology,Machines,Product 370,1408.56,2,0.17,35.09
CA-1370,2023-05-24 08:48:05.771543086,2023-08-31 20:17:47.735470940,Second Class,CUST-371,Customer 371,Consumer,United States,Los Angeles,California,63330,East,Technology,Storage,Product 371,682.47,9,0.28,159.71
CA-1371,2023-08-02 14:05:31.863727456,2023-05-12 15:55:11.422845690,Standard Class,CUST-372,Customer 372,Consumer,United States,Houston,Texas,25282,West,Office Supplies,Binders,Product 372,506.1,6,0.18,357.65
CA-1372,2024-03-19 06:23:48.456913824,2023-10-22 01:09:15.511022044,Standard Class,CUST-373,Customer 373,Consumer,United States,Los Angeles,Florida,94866,West,Office Supplies,Tables,Product 373,461.23,8,0.16,36.59
CA-1373,2023-10-30 19:48:56.272545088,2024-05-19 17:01:33.787575152,Standard Class,CUST-374,Customer 374,Consumer,United States,Miami,Florida,31778,South,Office Supplies,Chairs,Product 374,1721.52,1,0.23,293.84
CA-1374,2023-07-10 04:19:43.166332664,2023-01-27 07:59:02.284569138,Second Class,CUST-375,Customer 375,Corporate,United States,New York City,Illinois,34264,West,Office Supplies,Paper,Product 375,1649.83,5,0.21,-68.75
CA-1375,2024-08-12 13:25:07.815631264,2023-02-25 14:11:18.156312625,Standard Class,CUST-376,Customer 376,Home Office,United States,Los Angeles,Florida,69675,East,Office Supplies,Bookcases,Product 376,909.12,1,0.06,325.42
CA-1376,2023-08-09 21:38:35.831663324,2023-07-02 20:46:39.198396792,Standard Class,CUST-377,Customer 377,Consumer,United States,Miami,New York,15075,Central,Technology,Accessories,Product 377,308.19,8,0.14,-34.8
CA-1377,2023-03-19 12:50:30.060120240,2024-10-20 07:35:57.114228456,First Class,CUST-378,Customer 378,Home Office,United States,Los Angeles,California,85948,Central,Furniture,Storage,Product 378,795.39,8,0.14,-99.52
CA-1378,2023-06-24 02:06:58.436873746,2023-09-09 14:57:28.496993988,First Class,CUST-379,Customer 379,Consumer,United States,Los Angeles,Illinois,58454,West,Technology,Bookcases,Product 379,1257.72,1,0.11,-70.21
CA-1379,2023-08-23 01:38:06.973947896,2023-07-24 19:25:51.102204408,Second Class,CUST-380,Customer 380,Consumer,United States,New York City,New York,38365,South,Furniture,Machines,Product 380,936.09,9,0.16,-72.56
CA-1380,2024-08-18 09:51:34.989979960,2023-12-19 13:33:47.254509016,Standard Class,CUST-381,Customer 381,Home Office,United States,Chicago,Texas,82766,South,Office Supplies,Accessories,Product 381,1571.37,2,0.12,159.0
CA-1381,2023-06-18 05:40:31.262525050,2023-11-17 09:08:17.795591180,Standard Class,CUST-382,Customer 382,Corporate,United States,Chicago,California,58200,South,Furniture,Binders,Product 382,1995.36,9,0.06,391.36
CA-1382,2023-04-19 06:09:22.725450902,2023-07-02 20:46:39.198396792,First Class,CUST-383,Customer 383,Consumer,United States,Los Angeles,Florida,21002,South,Technology,Chairs,Product 383,422.71,1,0.12,-144.28
CA-1383,2023-06-13 20:20:40.881763526,2023-03-25 09:16:57.234468938,Second Class,CUST-384,Customer 384,Consumer,United States,Houston,California,23947,South,Technology,Bookcases,Product 384,946.32,9,0.02,294.87
CA-1384,2024-10-27 15:09:01.082164328,2023-08-04 01:12:08.657314628,First Class,CUST-385,Customer 385,Consumer,United States,Miami,Texas,89222,West,Furniture,Paper,Product 385,890.42,4,0.17,258.04
CA-1385,2024-09-04 23:10:56.513026048,2024-11-25 21:21:16.953907816,First Class,CUST-386,Customer 386,Home Office,United States,Houston,Illinois,88610,Central,Office Supplies,Chairs,Product 386,643.76,9,0.26,410.76
CA-1386,2024-09-07 21:24:10.100200400,2024-10-27 15:09:01.082164328,First Class,CUST-387,Customer 387,Corporate,United States,Houston,Illinois,62142,Central,Office Supplies,Machines,Product 387,436.29,7,0.22,-29.1
CA-1387,2023-05-31 16:21:09.739478958,2024-04-07 06:49:46.773547096,First Class,CUST-388,Customer 388,Home Office,United States,Los Angeles,Illinois,66307,West,Technology,Tables,Product 388,178.1,6,0.11,115.08
CA-1388,2024-05-10 22:21:53.026052104,2024-07-12 20:06:15.150300600,Standard Class,CUST-389,Customer 389,Home Office,United States,Los Angeles,Florida,14493,South,Furniture,Paper,Product 389,1779.88,5,0.03,448.08
CA-1389,2024-01-06 02:53:08.777555108,2024-06-10 15:40:45.691382760,Standard Class,CUST-390,Customer 390,Corporate,United States,Los Angeles,New York,60085,West,Office Supplies,Tables,Product 390,868.7,9,0.06,262.0
CA-1390,2023-11-27 14:54:35.350701400,2024-09-09 08:30:46.893787576,First Class,CUST-391,Customer 391,Home Office,United States,Los Angeles,New York,44228,Central,Office Supplies,Machines,Product 391,1018.95,2,0.16,72.14
CA-1391,2023-06-12 09:14:04.088176352,2023-01-01 00:00:00.000000000,Second Class,CUST-392,Customer 392,Corporate,United States,Chicago,California,89676,East,Technology,Bookcases,Product 392,1838.04,2,0.06,-108.01
CA-1392,2024-11-21 12:01:26.573146288,2024-07-18 16:32:42.324649296,Second Class,CUST-393,Customer 393,Consumer,United States,Los Angeles,Florida,61875,West,Office Supplies,Tables,Product 393,1563.77,9,0.16,-16.26
CA-1393,2023-05-24 08:48:05.771543086,2024-11-03 22:42:05.050100200,Second Class,CUST-394,Customer 394,Corporate,United States,Chicago,Illinois,41655,South,Furniture,Paper,Product 394,304.48,3,0.07,206.85
CA-1394,2023-08-11 08:45:12.625250500,2024-05-22 15:14:47.374749496,Second Class,CUST-395,Customer 395,Consumer,United States,Chicago,Illinois,53472,Central,Technology,Phones,Product 395,1152.57,8,0.25,302.72
CA-1395,2024-05-24 02:21:24.168336672,2023-10-04 11:49:53.987975952,First Class,CUST-396,Customer 396,Home Office,United States,Los Angeles,Texas,59437,Central,Technology,Binders,Product 396,912.39,9,0.12,-112.9
CA-1396,2024-08-09 15:11:54.228456912,2023-10-05 22:56:30.781563124,Standard Class,CUST-397,Customer 397,Home Office,United States,New York City,Texas,59416,Central,Furniture,Storage,Product 397,1604.56,8,0.07,219.72
CA-1397,2024-07-14 07:12:51.943887776,2024-06-22 08:33:40.040080160,Second Class,CUST-398,Customer 398,Consumer,United States,Miami,Illinois,69711,Central,Technology,Phones,Product 398,1462.25,4,0.24,185.25
CA-1398,2024-06-17 23:13:49.659318632,2024-08-19 20:58:11.783567136,First Class,CUST-399,Customer 399,Home Office,United States,Houston,Illinois,16816,South,Office Supplies,Machines,Product 399,1396.29,1,0.1,159.77
CA-1399,2024-05-08 00:08:39.438877752,2024-03-30 23:16:42.805611224,Second Class,CUST-400,Customer 400,Corporate,United States,Chicago,Florida,87175,East,Office Supplies,Tables,Product 400,714.06,4,0.03,283.09
CA-1400,2023-10-10 08:16:21.162324648,2024-08-31 13:51:06.132264528,Second Class,CUST-401,Customer 401,Consumer,United States,Miami,New York,74307,Central,Furniture,Phones,Product 401,1619.68,9,0.17,386.21
CA-1401,2024-03-28 01:03:29.218436872,2024-09-07 21:24:10.100200400,First Class,CUST-402,Customer 402,Home Office,United States,New York City,Texas,56733,West,Office Supplies,Machines,Product 402,152.16,2,0.17,26.09
CA-1402,2023-08-25 23:51:20.561122244,2023-06-19 16:47:08.056112224,Standard Class,CUST-403,Customer 403,Consumer,United States,Houston,New York,21240,East,Furniture,Machines,Product 403,361.27,3,0.21,422.31
CA-1403,2023-10-30 19:48:56.272545088,2023-07-14 13:39:33.547094188,Standard Class,CUST-404,Customer 404,Corporate,United States,Houston,Florida,81363,Central,Furniture,Chairs,Product 404,704.47,8,0.07,-87.56
CA-1404,2024-10-11 12:56:16.352705408,2023-03-25 09:16:57.234468938,First Class,CUST-405,Customer 405,Corporate,United States,Chicago,Illinois,42762,East,Office Supplies,Bookcases,Product 405,199.77,6,0.13,-78.88
CA-1405,2023-09-03 18:31:01.322645288,2023-03-04 21:44:22.124248497,Standard Class,CUST-406,Customer 406,Home Office,United States,Los Angeles,New York,18259,West,Furniture,Machines,Product 406,508.24,8,0.08,-13.26
CA-1406,2024-12-07 14:14:11.302605208,2023-09-09 14:57:28.496993988,First Class,CUST-407,Customer 407,Corporate,United States,New York City,Illinois,60139,Central,Office Supplies,Bookcases,Product 407,1668.79,7,0.02,-116.33
CA-1407,2023-08-23 01:38:06.973947896,2023-08-21 14:31:30.180360720,First Class,CUST-408,Customer 408,Consumer,United States,Chicago,Illinois,24849,West,Technology,Storage,Product 408,1899.09,5,0.26,-38.78
CA-1408,2023-04-09 00:23:05.170340681,2023-09-09 14:57:28.496993988,First Class,CUST-409,Customer 409,Corporate,United States,New York City,California,91768,South,Technology,Storage,Product 409,643.97,9,0.22,-125.51
CA-1409,2024-02-26 07:44:36.553106208,2024-04-07 06:49:46.773547096,Standard Class,CUST-410,Customer 410,Consumer,United States,Los Angeles,New York,99709,Central,Furniture,Bookcases,Product 410,565.81,4,0.09,375.23
CA-1410,2024-08-03 18:45:27.054108216,2024-03-17 19:17:11.663326648,First Class,CUST-411,Customer 411,Consumer,United States,Los Angeles,New York,64869,Central,Office Supplies,Paper,Product 411,595.79,6,0.18,-102.72
CA-1411,2024-02-08 18:25:15.030060120,2023-08-05 12:18:45.450901804,Second Class,CUST-412,Customer 412,Corporate,United States,Chicago,Illinois,73095,Central,Office Supplies,Accessories,Product 412,591.55,2,0.06,323.11
CA-1412,2024-03-19 06:23:48.456913824,2023-04-26 13:42:26.693386774,Standard Class,CUST-413,Customer 413,Home Office,United States,Los Angeles,Florida,80910,Central,Technology,Binders,Product 413,120.06,2,0.27,-166.46
CA-1413,2024-08-12 13:25:07.815631264,2024-06-29 16:06:44.008016032,Standard Class,CUST-414,Customer 414,Corporate,United States,Miami,California,96710,South,Technology,Machines,Product 414,1857.49,2,0.03,463.96
CA-1414,2024-07-14 07:12:51.943887776,2023-11-07 03:22:00.240480960,Standard Class,CUST-415,Customer 415,Consumer,United States,Houston,Illinois,33567,Central,Office Supplies,Accessories,Product 415,466.71,7,0.0,297.81
CA-1415,2024-07-26 00:05:46.292585168,2023-10-23 12:15:52.304609216,Standard Class,CUST-416,Customer 416,Consumer,United States,Chicago,Texas,45292,East,Furniture,Machines,Product 416,869.01,2,0.15,-195.24
CA-1416,2023-07-16 00:46:10.340681362,2024-01-03 04:39:55.190380760,Second Class,CUST-417,Customer 417,Corporate,United States,New York City,Texas,84813,Central,Technology,Chairs,Product 417,68.89,2,0.17,334.7
CA-1417,2023-10-11 19:22:57.955911824,2023-11-30 13:07:48.937875752,Standard Class,CUST-418,Customer 418,Home Office,United States,Miami,California,61631,South,Furniture,Tables,Product 418,1723.01,9,0.17,159.86
CA-1418,2024-08-08 04:05:17.434869736,2023-08-27 10:57:57.354709420,Standard Class,CUST-419,Customer 419,Home Office,United States,Chicago,Florida,19885,Central,Furniture,Phones,Product 419,1475.76,7,0.02,345.56
CA-1419,2023-07-05 18:59:52.785571142,2023-11-27 14:54:35.350701400,First Class,CUST-420,Customer 420,Consumer,United States,Los Angeles,Illinois,69659,East,Technology,Chairs,Product 420,1896.17,3,0.09,165.75
CA-1420,2023-02-16 19:31:37.394789579,2023-08-02 14:05:31.863727456,Standard Class,CUST-421,Customer 421,Consumer,United States,Los Angeles,New York,64306,South,Furniture,Machines,Product 421,1574.15,3,0.15,248.72
CA-1421,2023-09-14 00:17:18.877755512,2023-01-28 19:05:39.078156312,Second Class,CUST-422,Customer 422,Home Office,United States,Los Angeles,California,76314,South,Furniture,Accessories,Product 422,661.73,7,0.06,350.43
CA-1422,2024-11-02 11:35:28.256513024,2024-10-05 16:29:49.178356712,Second Class,CUST-423,Customer 423,Corporate,United States,Los Angeles,Florida,75087,East,Office Supplies,Binders,Product 423,533.35,5,0.26,83.58
CA-1423,2024-10-08 14:43:02.765531056,2024-08-09 15:11:54.228456912,Second Class,CUST-424,Customer 424,Consumer,United States,New York City,New York,39165,East,Furniture,Phones,Product 424,1410.55,6,0.03,-198.1
CA-1424,2024-06-25 06:46:53.627254504,2023-03-09 07:04:12.505010020,Second Class,CUST-425,Customer 425,Consumer,United States,Miami,Texas,68929,East,Office Supplies,Machines,Product 425,760.02,8,0.15,394.96
CA-1425,2024-11-17 02:41:36.192384768,2023-12-06 09:34:16.112224448,Standard Class,CUST-426,Customer 426,Home Office,United States,Houston,Texas,77028,East,Technology,Accessories,Product 426,1154.12,9,0.21,66.62
CA-1426,2024-07-01 03:13:20.801603208,2024-03-20 17:30:25.250501000,Standard Class,CUST-427,Customer 427,Corporate,United States,New York City,New York,59812,East,Technology,Storage,Product 427,62.2,1,0.08,147.23
CA-1427,2023-01-31 17:18:52.665330661,2023-01-20 00:25:58.316633266,Second Class,CUST-428,Customer 428,Home Office,United States,New York City,California,60500,South,Office Supplies,Bookcases,Product 428,170.68,3,0.19,-194.56
CA-1428,2023-12-13 17:07:20.080160320,2023-07-27 17:39:04.689378756,Second Class,CUST-429,Customer 429,Corporate,United States,Houston,Texas,89151,South,Technology,Phones,Product 429,1093.97,7,0.25,144.46
CA-1429,2023-08-18 16:18:16.593186372,2024-08-28 15:37:52.545090176,Standard Class,CUST-430,Customer 430,Corporate,United States,Houston,Illinois,68643,Central,Furniture,Phones,Product 430,1153.84,6,0.06,490.54
CA-1430,2023-02-24 03:04:41.362725451,2023-01-01 00:00:00.000000000,Second Class,CUST-431,Customer 431,Corporate,United States,Los Angeles,New York,54900,Central,Furniture,Paper,Product 431,1515.33,7,0.28,-5.21
CA-1431,2023-12-02 00:14:25.731462924,2024-06-28 05:00:07.214428856,First Class,CUST-432,Customer 432,Consumer,United States,New York City,New York,52946,West,Furniture,Tables,Product 432,307.33,8,0.17,76.79
CA-1432,2024-06-16 12:07:12.865731464,2023-03-19 12:50:30.060120240,Second Class,CUST-433,Customer 433,Home Office,United States,Chicago,Texas,17851,Central,Technology,Binders,Product 433,1050.71,6,0.09,281.03
CA-1433,2023-03-15 03:30:39.679358717,2024-06-29 16:06:44.008016032,Second Class,CUST-434,Customer 434,Home Office,United States,Houston,California,26288,Central,Furniture,Storage,Product 434,429.17,3,0.13,370.36
CA-1434,2024-10-01 07:09:58.797595192,2024-01-13 10:26:12.745490980,First Class,CUST-435,Customer 435,Corporate,United States,Houston,Illinois,82692,East,Technology,Phones,Product 435,231.73,2,0.09,92.17
CA-1435,2024-01-20 17:59:16.713426852,2023-07-29 04:45:41.482965932,First Class,CUST-436,Customer 436,Consumer,United States,Miami,California,77580,East,Furniture,Storage,Product 436,850.47,7,0.22,16.77
CA-1436,2024-02-17 13:04:55.791583164,2024-11-18 13:48:12.985971944,Standard Class,CUST-437,Customer 437,Consumer,United States,Chicago,Florida,17368,Central,Office Supplies,Accessories,Product 437,368.51,1,0.24,456.48
CA-1437,2023-02-08 00:51:56.633266533,2024-10-05 16:29:49.178356712,Standard Class,CUST-438,Customer 438,Home Office,United States,Chicago,Florida,95436,West,Technology,Storage,Product 438,482.47,3,0.25,274.0
CA-1438,2023-11-26 03:47:58.557114228,2024-11-01 00:28:51.462925848,First Class,CUST-439,Customer 439,Consumer,United States,Houston,Texas,56403,East,Technology,Phones,Product 439,669.23,4,0.3,-116.69
CA-1439,2024-02-08 18:25:15.030060120,2023-01-17 02:12:44.729458917,First Class,CUST-440,Customer 440,Consumer,United States,Los Angeles,Texas,19168,Central,Furniture,Bookcases,Product 440,555.81,1,0.24,-151.75
CA-1440,2024-02-21 22:24:46.172344688,2024-04-26 07:15:45.090180360,Standard Class,CUST-441,Customer 441,Corporate,United States,Miami,Texas,96497,Central,Technology,Bookcases,Product 441,220.8,5,0.18,138.48
CA-1441,2023-05-21 10:34:52.184368736,2023-11-23 05:34:44.969939880,Second Class,CUST-442,Customer 442,Consumer,United States,Chicago,Florida,59879,South,Technology,Phones,Product 442,225.34,3,0.1,-45.94
CA-1442,2024-02-19 00:11:32.585170340,2024-02-01 10:52:11.062124248,First Class,CUST-443,Customer 443,Corporate,United States,Houston,California,69871,West,Office Supplies,Tables,Product 443,426.84,2,0.16,-22.21
CA-1443,2024-06-19 10:20:26.452905808,2024-10-27 15:09:01.082164328,Standard Class,CUST-444,Customer 444,Home Office,United States,Chicago,California,99388,South,Office Supplies,Paper,Product 444,148.59,3,0.01,414.38
CA-1444,2024-10-15 22:16:06.733466928,2024-06-06 06:20:55.310621240,Second Class,CUST-445,Customer 445,Consumer,United States,Miami,Texas,42174,West,Furniture,Phones,Product 445,1271.59,8,0.22,-137.3
CA-1445,2024-12-03 04:54:20.921843688,2024-11-02 11:35:28.256513024,First Class,CUST-446,Customer 446,Home Office,United States,Miami,Illinois,16581,East,Office Supplies,Phones,Product 446,610.29,6,0.13,300.75
CA-1446,2024-10-23 05:49:10.701402800,2024-08-18 09:51:34.989979960,Second Class,CUST-447,Customer 447,Home Office,United States,New York City,California,81853,West,Furniture,Accessories,Product 447,595.5,7,0.01,-10.2
CA-1447,2024-04-07 06:49:46.773547096,2023-08-15 18:05:03.006012024,Standard Class,CUST-448,Customer 448,Consumer,United States,Houston,Florida,74046,Central,Furniture,Paper,Product 448,697.4,6,0.02,332.23
CA-1448,2024-03-19 06:23:48.456913824,2024-06-28 05:00:07.214428856,First Class,CUST-449,Customer 449,Consumer,United States,Miami,New York,59678,Central,Furniture,Phones,Product 449,1342.45,6,0.12,305.69
CA-1449,2023-08-02 14:05:31.863727456,2023-01-11 05:46:17.555110220,Second Class,CUST-450,Customer 450,Home Office,United States,New York City,New York,36649,West,Technology,Tables,Product 450,1747.74,3,0.18,-194.83
CA-1450,2023-01-05 09:19:50.380761523,2023-06-27 00:20:12.024048096,First Class,CUST-451,Customer 451,Consumer,United States,New York City,New York,98668,West,Office Supplies,Paper,Product 451,1530.22,8,0.14,156.39
CA-1451,2023-02-19 17:44:50.981963927,2024-05-22 15:14:47.374749496,Second Class,CUST-452,Customer 452,Corporate,United States,Chicago,Illinois,92325,West,Furniture,Binders,Product 452,1468.68,7,0.19,-102.48
CA-1452,2023-10-07 10:03:07.575150300,2023-08-27 10:57:57.354709420,Standard Class,CUST-453,Customer 453,Corporate,United States,Chicago,Texas,24567,South,Office Supplies,Machines,Product 453,994.56,7,0.14,406.36
CA-1453,2023-03-12 05:17:26.092184368,2023-05-11 04:48:34.629258516,Standard Class,CUST-454,Customer 454,Consumer,United States,New York City,Florida,90404,West,Furniture,Machines,Product 454,1402.92,6,0.2,410.11
CA-1454,2023-01-24 09:45:48.697394789,2023-07-17 11:52:47.134268536,First Class,CUST-455,Customer 455,Home Office,United States,Chicago,Illinois,99906,East,Office Supplies,Paper,Product 455,1127.89,5,0.07,92.84
CA-1455,2023-09-08 03:50:51.703406812,2023-09-28 15:23:26.813627252,Second Class,CUST-456,Customer 456,Consumer,United States,Miami,Florida,71944,South,Office Supplies,Storage,Product 456,471.69,8,0.03,111.08
CA-1456,2023-11-17 09:08:17.795591180,2024-04-05 19:43:09.979959920,First Class,CUST-457,Customer 457,Consumer,United States,Los Angeles,Florida,88002,South,Furniture,Paper,Product 457,456.75,5,0.18,12.3
CA-1457,2023-08-18 16:18:16.593186372,2023-09-16 22:30:32.464929860,First Class,CUST-458,Customer 458,Home Office,United States,Miami,Texas,38803,West,Technology,Chairs,Product 458,627.96,9,0.15,301.62
CA-1458,2024-11-27 08:27:53.747494984,2023-02-09 11:58:33.426853707,Second Class,CUST-459,Customer 459,Home Office,United States,New York City,New York,28230,East,Office Supplies,Binders,Product 459,1826.07,9,0.01,51.06
CA-1459,2023-03-07 19:57:35.711422845,2023-11-17 09:08:17.795591180,Second Class,CUST-460,Customer 460,Corporate,United States,New York City,Texas,27862,South,Technology,Tables,Product 460,1117.46,1,0.11,-12.55
CA-1460,2024-06-28 05:00:07.214428856,2024-06-04 19:14:18.517034064,Second Class,CUST-461,Customer 461,Home Office,United States,Miami,Illinois,53355,Central,Technology,Paper,Product 461,1481.12,6,0.03,102.56
CA-1461,2023-01-08 07:33:03.967935871,2023-02-28 12:24:31.743486974,Standard Class,CUST-462,Customer 462,Corporate,United States,Chicago,Illinois,41259,South,Furniture,Storage,Product 462,725.79,7,0.16,-135.96
CA-1462,2023-05-24 08:48:05.771543086,2023-11-29 02:01:12.144288576,First Class,CUST-463,Customer 463,Home Office,United States,Chicago,Illinois,97445,West,Furniture,Accessories,Product 463,845.05,3,0.12,322.62
CA-1463,2024-07-08 10:46:24.769539080,2023-10-07 10:03:07.575150300,First Class,CUST-464,Customer 464,Consumer,United States,New York City,Texas,40795,East,Furniture,Tables,Product 464,294.85,7,0.18,-191.18
CA-1464,2023-12-06 09:34:16.112224448,2024-08-22 19:11:25.370741480,Standard Class,CUST-465,Customer 465,Corporate,United States,Houston,Florida,18770,West,Office Supplies,Binders,Product 465,384.03,7,0.24,251.14
CA-1465,2023-02-22 15:58:04.569138276,2024-10-14 11:09:29.939879760,Second Class,CUST-466,Customer 466,Corporate,United States,Chicago,Florida,21093,Central,Furniture,Accessories,Product 466,1663.35,2,0.09,-71.99
CA-1466,2024-02-13 03:45:05.410821640,2023-07-30 15:52:18.276553104,Standard Class,CUST-467,Customer 467,Corporate,United States,Miami,California,56571,Central,Furniture,Storage,Product 467,1190.44,7,0.29,-37.32
CA-1467,2024-05-24 02:21:24.168336672,2023-10-20 14:02:38.717434868,Standard Class,CUST-468,Customer 468,Consumer,United States,Chicago,Illinois,10193,Central,Office Supplies,Phones,Product 468,708.19,1,0.16,244.94
CA-1468,2024-12-26 14:40:09.619238472,2024-08-31 13:51:06.132264528,Standard Class,CUST-469,Customer 469,Consumer,United States,Miami,Florida,27569,West,Office Supplies,Machines,Product 469,1615.56,5,0.19,495.06
CA-1469,2024-03-16 08:10:34.869739480,2023-11-05 16:15:23.446893788,First Class,CUST-470,Customer 470,Consumer,United States,New York City,California,21190,South,Furniture,Phones,Product 470,530.71,9,0.2,344.4
CA-1470,2023-09-21 07:50:22.845691380,2024-11-03 22:42:05.050100200,Standard Class,CUST-471,Customer 471,Consumer,United States,Chicago,Florida,72824,West,Furniture,Machines,Product 471,1953.26,7,0.2,-41.91
CA-1471,2023-05-18 12:21:38.597194388,2023-11-17 09:08:17.795591180,First Class,CUST-472,Customer 472,Consumer,United States,Miami,Illinois,52752,East,Furniture,Bookcases,Product 472,722.39,7,0.15,-76.78
CA-1472,2023-05-24 08:48:05.771543086,2023-12-16 15:20:33.667334668,First Class,CUST-473,Customer 473,Corporate,United States,New York City,New York,42327,South,Furniture,Phones,Product 473,707.76,2,0.13,406.36
CA-1473,2023-10-01 13:36:40.400801604,2024-08-25 17:24:38.957915832,First Class,CUST-474,Customer 474,Consumer,United States,Houston,Illinois,52070,Central,Technology,Binders,Product 474,658.23,8,0.02,110.93
CA-1474,2024-12-03 04:54:20.921843688,2024-08-02 07:38:50.260521040,Second Class,CUST-475,Customer 475,Corporate,United States,Miami,Texas,95925,West,Technology,Machines,Product 475,288.12,3,0.01,-104.06
CA-1475,2023-06-18 05:40:31.262525050,2023-03-07 19:57:35.711422845,First Class,CUST-476,Customer 476,Consumer,United States,Houston,Florida,50197,Central,Furniture,Phones,Product 476,266.72,8,0.11,403.55
CA-1476,2023-10-05 22:56:30.781563124,2023-02-19 17:44:50.981963927,First Class,CUST-477,Customer 477,Home Office,United States,Houston,Florida,12261,Central,Technology,Machines,Product 477,1313.8,3,0.1,371.26
CA-1477,2024-01-04 15:46:31.983967936,2024-01-04 15:46:31.983967936,Second Class,CUST-478,Customer 478,Corporate,United States,Los Angeles,Texas,36512,East,Office Supplies,Tables,Product 478,1756.48,7,0.12,488.73
CA-1478,2024-11-15 15:34:59.398797592,2024-07-23 01:52:32.705410816,First Class,CUST-479,Customer 479,Home Office,United States,Chicago,Texas,16716,South,Technology,Storage,Product 479,1591.51,2,0.04,436.82
CA-1479,2024-08-30 02:44:29.338677352,2023-04-29 11:55:40.280561122,Standard Class,CUST-480,Customer 480,Corporate,United States,Miami,New York,96795,East,Technology,Bookcases,Product 480,325.16,4,0.22,396.25
CA-1480,2024-11-18 13:48:12.985971944,2024-06-25 06:46:53.627254504,Standard Class,CUST-481,Customer 481,Home Office,United States,Houston,Florida,38933,East,Furniture,Chairs,Product 481,1113.89,6,0.26,-163.2
CA-1481,2023-08-23 01:38:06.973947896,2024-01-09 01:06:22.364729456,First Class,CUST-482,Customer 482,Consumer,United States,Los Angeles,Florida,14378,East,Technology,Paper,Product 482,255.9,9,0.28,-126.91
CA-1482,2024-01-09 01:06:22.364729456,2023-10-14 17:36:11.543086172,Second Class,CUST-483,Customer 483,Consumer,United States,New York City,New York,50583,Central,Technology,Bookcases,Product 483,138.32,5,0.15,198.29
CA-1483,2024-04-16 01:29:27.535070136,2024-03-17 19:17:11.663326648,Standard Class,CUST-484,Customer 484,Consumer,United States,Miami,California,95371,East,Technology,Storage,Product 484,1329.95,9,0.21,172.04
CA-1484,2023-07-05 18:59:52.785571142,2024-08-19 20:58:11.783567136,Second Class,CUST-485,Customer 485,Corporate,United States,Houston,New York,39033,East,Technology,Paper,Product 485,1093.55,5,0.26,120.57
CA-1485,2023-01-25 20:52:25.490981963,2024-10-18 20:29:20.320641280,Second Class,CUST-486,Customer 486,Home Office,United States,Chicago,Illinois,34000,South,Office Supplies,Accessories,Product 486,209.95,8,0.13,77.75
CA-1486,2024-02-14 14:51:42.204408816,2023-01-14 03:59:31.142284569,Standard Class,CUST-487,Customer 487,Consumer,United States,Los Angeles,Florida,85868,South,Furniture,Storage,Product 487,118.13,1,0.09,101.85
CA-1487,2024-12-16 08:53:52.064128256,2024-03-30 23:16:42.805611224,Second Class,CUST-488,Customer 488,Home Office,United States,Houston,Texas,52604,East,Furniture,Paper,Product 488,1980.03,7,0.28,198.51
CA-1488,2023-11-21 18:28:08.176352704,2024-02-21 22:24:46.172344688,Standard Class,CUST-489,Customer 489,Home Office,United States,Chicago,Illinois,78336,South,Office Supplies,Storage,Product 489,108.54,4,0.15,-198.55
CA-1489,2023-03-19 12:50:30.060120240,2023-12-19 13:33:47.254509016,Second Class,CUST-490,Customer 490,Consumer,United States,Houston,Florida,83869,South,Technology,Bookcases,Product 490,916.83,5,0.15,-17.5
CA-1490,2023-03-25 09:16:57.234468938,2024-01-01 17:33:18.396793584,Standard Class,CUST-491,Customer 491,Consumer,United States,Miami,New York,15410,East,Office Supplies,Tables,Product 491,1034.01,6,0.05,162.8
CA-1491,2024-04-16 01:29:27.535070136,2024-06-16 12:07:12.865731464,First Class,CUST-492,Customer 492,Home Office,United States,Miami,Illinois,93375,Central,Technology,Bookcases,Product 492,278.7,5,0.03,305.55
CA-1492,2024-06-09 04:34:08.897795592,2023-01-06 20:26:27.174348697,Standard Class,CUST-493,Customer 493,Consumer,United States,Miami,Florida,66044,East,Office Supplies,Accessories,Product 493,379.67,1,0.25,-78.09
CA-1493,2023-09-11 02:04:05.290581160,2023-06-22 15:00:21.643286572,Standard Class,CUST-494,Customer 494,Consumer,United States,Los Angeles,California,73315,South,Furniture,Tables,Product 494,736.02,9,0.18,182.82
CA-1494,2024-02-13 03:45:05.410821640,2024-02-26 07:44:36.553106208,Standard Class,CUST-495,Customer 495,Consumer,United States,Miami,California,81344,Central,Furniture,Storage,Product 495,1535.27,2,0.1,300.12
CA-1495,2023-06-15 07:27:17.675350700,2024-06-29 16:06:44.008016032,Standard Class,CUST-496,Customer 496,Corporate,United States,Chicago,Texas,16796,West,Furniture,Chairs,Product 496,1038.81,9,0.06,111.24
CA-1496,2024-02-24 20:37:59.759519040,2023-04-04 15:03:14.789579158,Second Class,CUST-497,Customer 497,Home Office,United States,Houston,Florida,96716,Central,Technology,Chairs,Product 497,1293.91,2,0.17,-181.04
CA-1497,2024-09-21 01:23:41.242484968,2023-08-01 02:58:55.070140280,First Class,CUST-498,Customer 498,Home Office,United States,New York City,California,64245,South,Technology,Paper,Product 498,1971.09,9,0.18,114.49
CA-1498,2024-05-13 20:35:06.613226448,2023-11-23 05:34:44.969939880,Standard Class,CUST-499,Customer 499,Corporate,United States,Chicago,New York,53056,Central,Office Supplies,Accessories,Product 499,1547.61,6,0.06,7.51
CA-1499,2023-08-08 10:31:59.038076152,2023-12-15 04:13:56.873747492,Second Class,CUST-500,Customer 500,Home Office,United States,Chicago,Florida,27709,East,Office Supplies,Storage,Product 500,897.0,9,0.26,450.75
